id,type,tattva,category,name_en,name_iast,name_ru,aliases,note,source_ref,confidence,dataset
acyuta-priya-das,personality,jiva-tattva,iskcon|initiating-guru,Acyuta Priya Das,,,APD,,GBC gbc.iskcon.org,verified,Гуру ИСККОН (GBC)
adikarta-das,personality,jiva-tattva,iskcon|initiating-guru,Adikarta Das,,,AKD,,GBC gbc.iskcon.org,verified,Гуру ИСККОН (GBC)
advaita-acharya-das,personality,jiva-tattva,iskcon|initiating-guru,Advaita Acharya Das,,,AAD,,GBC gbc.iskcon.org,verified,Гуру ИСККОН (GBC)
asita-krishna-swami,personality,jiva-tattva,iskcon|initiating-guru,Asita Krishna Swami,,,AKS,,GBC gbc.iskcon.org,verified,Гуру ИСККОН (GBC)
atmanivedana-swami,personality,jiva-tattva,iskcon|initiating-guru,Atmanivedana Swami,,,AVS,,GBC gbc.iskcon.org,verified,Гуру ИСККОН (GBC)
bhakti-ananda-haridas-goswami,personality,jiva-tattva,iskcon|initiating-guru,Bhakti Ananda Haridas Goswami,,,BAHG,,GBC gbc.iskcon.org,verified,Гуру ИСККОН (GBC)
bhakti-anugraha-janardana-swami,personality,jiva-tattva,iskcon|initiating-guru,Bhakti Anugraha Janardana Swami,,,BAJS,,GBC gbc.iskcon.org,verified,Гуру ИСККОН (GBC)
bhakti-asraya-vaisnava-swami,personality,jiva-tattva,iskcon|initiating-guru,Bhakti Asraya Vaisnava Swami,,,BAVS,,GBC gbc.iskcon.org,verified,Гуру ИСККОН (GBC)
bhakti-bhagavatamrita-kesava-swami,personality,jiva-tattva,iskcon|initiating-guru,Bhakti Bhagavatamrita Kesava Swami,,,BBKS,,GBC gbc.iskcon.org,verified,Гуру ИСККОН (GBC)
bhakti-bhrnga-govinda-swami,personality,jiva-tattva,iskcon|initiating-guru,Bhakti Bhrnga Govinda Swami,,,BBGS,,GBC gbc.iskcon.org,verified,Гуру ИСККОН (GBC)
bhakti-caitanya-swami,personality,jiva-tattva,iskcon|initiating-guru,Bhakti Caitanya Swami,,,BCAIS,,GBC gbc.iskcon.org,verified,Гуру ИСККОН (GBC)
bhakti-carudesna-swami,personality,jiva-tattva,iskcon|initiating-guru,Bhakti Carudesna Swami,,,BCDS,,GBC gbc.iskcon.org,verified,Гуру ИСККОН (GBC)
bhakti-charu-swami,personality,jiva-tattva,iskcon|guru|departed,Bhakti Charu Swami,,,,,GBC gbc.iskcon.org,verified,Гуру ИСККОН (GBC)
bhakti-dayita-adipurusha-swami,personality,jiva-tattva,iskcon|initiating-guru,Bhakti Dayita Adipurusha Swami,,,BDAS,,GBC gbc.iskcon.org,verified,Гуру ИСККОН (GBC)
bhakti-dhira-damodara-swami,personality,jiva-tattva,iskcon|initiating-guru,Bhakti Dhira Damodara Swami,,,BDDS,,GBC gbc.iskcon.org,verified,Гуру ИСККОН (GBC)
bhakti-gaurava-narayan-swami,personality,jiva-tattva,iskcon|initiating-guru,Bhakti Gaurava Narayan Swami,,,BGNS,,GBC gbc.iskcon.org,verified,Гуру ИСККОН (GBC)
bhakti-gauravani-goswami,personality,jiva-tattva,iskcon|initiating-guru,Bhakti Gauravani Goswami,,,BGVG,,GBC gbc.iskcon.org,verified,Гуру ИСККОН (GBC)
bhakti-prabhava-swami,personality,jiva-tattva,iskcon|initiating-guru,Bhakti Prabhava Swami,,,BPRS,,GBC gbc.iskcon.org,verified,Гуру ИСККОН (GBC)
bhakti-prabhupada-vrata-damodara-swami,personality,jiva-tattva,iskcon|initiating-guru,Bhakti Prabhupada-vrata Damodara Swami,,,BPDS,,GBC gbc.iskcon.org,verified,Гуру ИСККОН (GBC)
bhakti-pran-gopinath-swami,personality,jiva-tattva,iskcon|initiating-guru,Bhakti Pran Gopinath Swami,,,BPGS,,GBC gbc.iskcon.org,verified,Гуру ИСККОН (GBC)
bhakti-prema-swami,personality,jiva-tattva,iskcon|initiating-guru,Bhakti Prema Swami,,,BHPS,,GBC gbc.iskcon.org,verified,Гуру ИСККОН (GBC)
bhakti-raghava-swami,personality,jiva-tattva,iskcon|initiating-guru,Bhakti Raghava Swami,,,BRS,,GBC gbc.iskcon.org,verified,Гуру ИСККОН (GBC)
bhakti-ratnakara-ambarisa-swami,personality,jiva-tattva,iskcon|initiating-guru,Bhakti Ratnakara Ambarisa Swami,,,BRAS,,GBC gbc.iskcon.org,verified,Гуру ИСККОН (GBC)
bhakti-sundar-goswami,personality,jiva-tattva,iskcon|initiating-guru,Bhakti Sundar Goswami,,,BSG,,GBC gbc.iskcon.org,verified,Гуру ИСККОН (GBC)
bhakti-tirtha-swami,personality,jiva-tattva,iskcon|guru|departed,Bhakti Tirtha Swami,,,,,GBC gbc.iskcon.org,verified,Гуру ИСККОН (GBC)
bhakti-vasudeva-swami,personality,jiva-tattva,iskcon|initiating-guru,Bhakti Vasudeva Swami,,,BHVS,,GBC gbc.iskcon.org,verified,Гуру ИСККОН (GBC)
bhakti-vijnana-goswami,personality,jiva-tattva,iskcon|initiating-guru,Bhakti Vijnana Goswami,,,BVG,,GBC gbc.iskcon.org,verified,Гуру ИСККОН (GBC)
bhakti-vikasa-swami,personality,jiva-tattva,iskcon|initiating-guru,Bhakti Vikasa Swami,,,BVKS,,GBC gbc.iskcon.org,verified,Гуру ИСККОН (GBC)
bhakti-vv-narasimha-swami,personality,jiva-tattva,iskcon|initiating-guru,Bhakti VV Narasimha Swami,,,BVVNS,,GBC gbc.iskcon.org,verified,Гуру ИСККОН (GBC)
bhakti-bhusana-swami,personality,jiva-tattva,iskcon|initiating-guru,Bhakti-bhusana Swami,,,BBS,,GBC gbc.iskcon.org,verified,Гуру ИСККОН (GBC)
bhaktimarga-swami,personality,jiva-tattva,iskcon|initiating-guru,Bhaktimarga Swami,,,BMS,,GBC gbc.iskcon.org,verified,Гуру ИСККОН (GBC)
bhaktipada-goswami,personality,jiva-tattva,iskcon|initiating-guru,Bhaktipada Goswami,,,BPG,,GBC gbc.iskcon.org,verified,Гуру ИСККОН (GBC)
bhaktivaibhava-swami,personality,jiva-tattva,iskcon|initiating-guru,Bhaktivaibhava Swami,,,BVS,,GBC gbc.iskcon.org,verified,Гуру ИСККОН (GBC)
bhaktivyasa-tirtha-swami,personality,jiva-tattva,iskcon|initiating-guru,Bhaktivyasa Tirtha Swami,,,BVTS,,GBC gbc.iskcon.org,verified,Гуру ИСККОН (GBC)
bhanu-swami,personality,jiva-tattva,iskcon|guru|not-accepting,Bhanu Swami,,,,,GBC gbc.iskcon.org,verified,Гуру ИСККОН (GBC)
bhurijana-das,personality,jiva-tattva,iskcon|initiating-guru,Bhurijana Das,,,BJD,,GBC gbc.iskcon.org,verified,Гуру ИСККОН (GBC)
bir-krsna-das-goswami,personality,jiva-tattva,iskcon|initiating-guru,Bir Krsna Das Goswami,,,BKG,,GBC gbc.iskcon.org,verified,Гуру ИСККОН (GBC)
caitanya-avatari-das,personality,jiva-tattva,iskcon|initiating-guru,Caitanya Avatari Das,,,CAD,,GBC gbc.iskcon.org,verified,Гуру ИСККОН (GBC)
caitanya-candra-caran-das,personality,jiva-tattva,iskcon|initiating-guru,Caitanya Candra Caran Das,,,CCCD,,GBC gbc.iskcon.org,verified,Гуру ИСККОН (GBC)
candra-mukha-swami,personality,jiva-tattva,iskcon|initiating-guru,Candra Mukha Swami,,,CMKS,,GBC gbc.iskcon.org,verified,Гуру ИСККОН (GBC)
candramauli-swami,personality,jiva-tattva,iskcon|initiating-guru,Candramauli Swami,,,CMS,,GBC gbc.iskcon.org,verified,Гуру ИСККОН (GBC)
danavir-goswami,personality,jiva-tattva,iskcon|initiating-guru,Danavir Goswami,,,DG,,GBC gbc.iskcon.org,verified,Гуру ИСККОН (GBC)
dayavan-swami,personality,jiva-tattva,iskcon|initiating-guru,Dayavan Swami,,,DS,,GBC gbc.iskcon.org,verified,Гуру ИСККОН (GBC)
devakinandan-das,personality,jiva-tattva,iskcon|initiating-guru,Devakinandan Das,,,DND,,GBC gbc.iskcon.org,verified,Гуру ИСККОН (GBC)
devamrita-swami,personality,jiva-tattva,iskcon|initiating-guru,Devamrita Swami,,,DAS,,GBC gbc.iskcon.org,verified,Гуру ИСККОН (GBC)
dhanvantari-swami,personality,jiva-tattva,iskcon|initiating-guru,Dhanvantari Swami,,,DVS,,GBC gbc.iskcon.org,verified,Гуру ИСККОН (GBC)
dhirasanta-das-goswami,personality,jiva-tattva,iskcon|initiating-guru,Dhirasanta Das Goswami,,,DDG,,GBC gbc.iskcon.org,verified,Гуру ИСККОН (GBC)
drutakarma-das,personality,jiva-tattva,iskcon|initiating-guru,Drutakarma Das,,,DKD,,GBC gbc.iskcon.org,verified,Гуру ИСККОН (GBC)
ganapati-swami,personality,jiva-tattva,iskcon|guru|not-accepting,Ganapati Swami,,,,,GBC gbc.iskcon.org,verified,Гуру ИСККОН (GBC)
gauranga-prem-swami,personality,jiva-tattva,iskcon|initiating-guru,Gauranga Prem Swami,,,GRPS,,GBC gbc.iskcon.org,verified,Гуру ИСККОН (GBC)
giridhari-swami,personality,jiva-tattva,iskcon|initiating-guru,Giridhari Swami,,,GDS,,GBC gbc.iskcon.org,verified,Гуру ИСККОН (GBC)
giriraja-swami,personality,jiva-tattva,iskcon|guru|not-accepting,Giriraja Swami,,,GRS,,GBC gbc.iskcon.org,verified,Гуру ИСККОН (GBC)
gopal-krishna-goswami,personality,jiva-tattva,iskcon|guru|departed,Gopal Krishna Goswami,,,,,GBC gbc.iskcon.org,verified,Гуру ИСККОН (GBC)
gopaswami-das,personality,jiva-tattva,iskcon|initiating-guru,Gopaswami Das,,,GSD,,GBC gbc.iskcon.org,verified,Гуру ИСККОН (GBC)
gour-govinda-swami,personality,jiva-tattva,iskcon|guru|departed,Gour Govinda Swami,,,,,GBC gbc.iskcon.org,verified,Гуру ИСККОН (GBC)
guru-prasad-swami,personality,jiva-tattva,iskcon|initiating-guru,Guru Prasad Swami,,,GPS,,GBC gbc.iskcon.org,verified,Гуру ИСККОН (GBC)
haladhara-swami,personality,jiva-tattva,iskcon|initiating-guru,Haladhara Swami,,,HDS,,GBC gbc.iskcon.org,verified,Гуру ИСККОН (GBC)
hanumatpresaka-swami,personality,jiva-tattva,iskcon|initiating-guru,Hanumatpresaka Swami,,,HPS,,GBC gbc.iskcon.org,verified,Гуру ИСККОН (GBC)
harivilas-das,personality,jiva-tattva,iskcon|initiating-guru,Harivilas Das,,,HVD,,GBC gbc.iskcon.org,verified,Гуру ИСККОН (GBC)
hrdayananda-dasa-goswami,personality,jiva-tattva,iskcon|initiating-guru,Hrdayananda dasa Goswami,,,HDG,,GBC gbc.iskcon.org,verified,Гуру ИСККОН (GBC)
indradyumna-swami,personality,jiva-tattva,iskcon|initiating-guru,Indradyumna Swami,,,IDS,,GBC gbc.iskcon.org,verified,Гуру ИСККОН (GBC)
janananda-dasa-goswami,personality,jiva-tattva,iskcon|initiating-guru,Janananda dasa Goswami,,,JG,,GBC gbc.iskcon.org,verified,Гуру ИСККОН (GBC)
jayadvaita-swami,personality,jiva-tattva,iskcon|initiating-guru,Jayadvaita Swami,,,JAS,,GBC gbc.iskcon.org,verified,Гуру ИСККОН (GBC)
jayapataka-swami,personality,jiva-tattva,iskcon|initiating-guru,Jayapataka Swami,,,JPS,,GBC gbc.iskcon.org,verified,Гуру ИСККОН (GBC)
jivananda-das,personality,jiva-tattva,iskcon|initiating-guru,Jivananda Das,,,JND,,GBC gbc.iskcon.org,verified,Гуру ИСККОН (GBC)
kalakantha-das,personality,jiva-tattva,iskcon|initiating-guru,Kalakantha Das,,,KKD,,GBC gbc.iskcon.org,verified,Гуру ИСККОН (GBC)
kavicandra-swami,personality,jiva-tattva,iskcon|initiating-guru,Kavicandra Swami,,,KVCS,,GBC gbc.iskcon.org,verified,Гуру ИСККОН (GBC)
kesava-bharati-dasa-goswami,personality,jiva-tattva,iskcon|initiating-guru,Kesava Bharati dasa Goswami,,,KBDG,,GBC gbc.iskcon.org,verified,Гуру ИСККОН (GBC)
kratu-das,personality,jiva-tattva,iskcon|initiating-guru,Kratu Das,,,KRD,,GBC gbc.iskcon.org,verified,Гуру ИСККОН (GBC)
kripamoya-das,personality,jiva-tattva,iskcon|initiating-guru,Kripamoya Das,,,KMD,,GBC gbc.iskcon.org,verified,Гуру ИСККОН (GBC)
krsna-ksetra-swami,personality,jiva-tattva,iskcon|initiating-guru,Krsna Ksetra Swami,,,KRKS,,GBC gbc.iskcon.org,verified,Гуру ИСККОН (GBC)
lokanath-swami,personality,jiva-tattva,iskcon|initiating-guru,Lokanath Swami,,,LOK,,GBC gbc.iskcon.org,verified,Гуру ИСККОН (GBC)
madan-gopal-das,personality,jiva-tattva,iskcon|initiating-guru,Madan Gopal Das,,,MGD,,GBC gbc.iskcon.org,verified,Гуру ИСККОН (GBC)
madana-mohana-das,personality,jiva-tattva,iskcon|initiating-guru,Madana-mohana Das,,,MM,,GBC gbc.iskcon.org,verified,Гуру ИСККОН (GBC)
madhu-sevita-das,personality,jiva-tattva,iskcon|initiating-guru,Madhu Sevita Das,,,MSD,,GBC gbc.iskcon.org,verified,Гуру ИСККОН (GBC)
mahadyuti-swami,personality,jiva-tattva,iskcon|initiating-guru,Mahadyuti Swami,,,MDS,,GBC gbc.iskcon.org,verified,Гуру ИСККОН (GBC)
mahaman-das,personality,jiva-tattva,iskcon|initiating-guru,Mahaman Das,,,MMD,,GBC gbc.iskcon.org,verified,Гуру ИСККОН (GBC)
mahaprabhu-swami,personality,jiva-tattva,iskcon|initiating-guru,Mahaprabhu Swami,,,MPS,,GBC gbc.iskcon.org,verified,Гуру ИСККОН (GBC)
mahatma-das,personality,jiva-tattva,iskcon|initiating-guru,Mahatma Das,,,MD,,GBC gbc.iskcon.org,verified,Гуру ИСККОН (GBC)
mahavisnu-swami,personality,jiva-tattva,iskcon|initiating-guru,Mahavisnu Swami,,,MVS,,GBC gbc.iskcon.org,verified,Гуру ИСККОН (GBC)
mani-bandha-das,personality,jiva-tattva,iskcon|initiating-guru,Mani Bandha Das,,,MBD,,GBC gbc.iskcon.org,verified,Гуру ИСККОН (GBC)
manonatha-das,personality,jiva-tattva,iskcon|initiating-guru,Manonatha Das,,,MND,,GBC gbc.iskcon.org,verified,Гуру ИСККОН (GBC)
matsya-avatara-das,personality,jiva-tattva,iskcon|initiating-guru,Matsya Avatara Das,,,MAD,,GBC gbc.iskcon.org,verified,Гуру ИСККОН (GBC)
medhavi-das,personality,jiva-tattva,iskcon|initiating-guru,Medhavi Das,,,MDD,,GBC gbc.iskcon.org,verified,Гуру ИСККОН (GBC)
mukunda-goswami,personality,jiva-tattva,iskcon|guru|not-accepting,Mukunda Goswami,,,MG,,GBC gbc.iskcon.org,verified,Гуру ИСККОН (GBC)
narayani-devi-dasi,personality,jiva-tattva,iskcon|initiating-guru,Narayani Devi Dasi,,,NDD,,GBC gbc.iskcon.org,verified,Гуру ИСККОН (GBC)
navayogendra-swami,personality,jiva-tattva,iskcon|initiating-guru,Navayogendra Swami,,,NYS,,GBC gbc.iskcon.org,verified,Гуру ИСККОН (GBC)
niranjana-swami,personality,jiva-tattva,iskcon|initiating-guru,Niranjana Swami,,,NRS,,GBC gbc.iskcon.org,verified,Гуру ИСККОН (GBC)
partha-sarathi-das-goswami,personality,jiva-tattva,iskcon|initiating-guru,Partha Sarathi Das Goswami,,,PSDG,,GBC gbc.iskcon.org,verified,Гуру ИСККОН (GBC)
patita-pavana-das,personality,jiva-tattva,iskcon|initiating-guru,Patita Pavana Das,,,PPD,,GBC gbc.iskcon.org,verified,Гуру ИСККОН (GBC)
prabodhananda-saraswati-swami,personality,jiva-tattva,iskcon|initiating-guru,Prabodhananda Saraswati Swami,,,PSS,,GBC gbc.iskcon.org,verified,Гуру ИСККОН (GBC)
prahladananda-swami,personality,jiva-tattva,iskcon|initiating-guru,Prahladananda Swami,,,PAS,,GBC gbc.iskcon.org,verified,Гуру ИСККОН (GBC)
purushatraya-swami,personality,jiva-tattva,iskcon|initiating-guru,Purushatraya Swami,,,PTS,,GBC gbc.iskcon.org,verified,Гуру ИСККОН (GBC)
radha-govinda-das,personality,jiva-tattva,iskcon|initiating-guru,Radha Govinda Das,,,RGD,,GBC gbc.iskcon.org,verified,Гуру ИСККОН (GBC)
radha-govinda-swami,personality,jiva-tattva,iskcon|initiating-guru,Radha Govinda Swami,,,RGM,,GBC gbc.iskcon.org,verified,Гуру ИСККОН (GBC)
radha-krishna-das,personality,jiva-tattva,iskcon|initiating-guru,Radha Krishna Das,,,RKD,,GBC gbc.iskcon.org,verified,Гуру ИСККОН (GBC)
radhacaran-das,personality,jiva-tattva,iskcon|initiating-guru,Radhacaran Das,,,RCD,,GBC gbc.iskcon.org,verified,Гуру ИСККОН (GBC)
radhanath-swami,personality,jiva-tattva,iskcon|initiating-guru,Radhanath Swami,,,RNS,,GBC gbc.iskcon.org,verified,Гуру ИСККОН (GBC)
rama-govinda-swami,personality,jiva-tattva,iskcon|initiating-guru,Rama Govinda Swami,,,RMGS,,GBC gbc.iskcon.org,verified,Гуру ИСККОН (GBC)
ravindra-svarupa-das,personality,jiva-tattva,iskcon|initiating-guru,Ravindra Svarupa Das,,,RVSD,,GBC gbc.iskcon.org,verified,Гуру ИСККОН (GBC)
revati-raman-das,personality,jiva-tattva,iskcon|initiating-guru,Revati Raman Das,,,RRD,,GBC gbc.iskcon.org,verified,Гуру ИСККОН (GBC)
romapada-swami,personality,jiva-tattva,iskcon|initiating-guru,Romapada Swami,,,RPS,,GBC gbc.iskcon.org,verified,Гуру ИСККОН (GBC)
rtadhvaja-swami,personality,jiva-tattva,iskcon|initiating-guru,Rtadhvaja Swami,,,RTS,,GBC gbc.iskcon.org,verified,Гуру ИСККОН (GBC)
sacinandana-swami,personality,jiva-tattva,iskcon|initiating-guru,Sacinandana Swami,,,SNS,,GBC gbc.iskcon.org,verified,Гуру ИСККОН (GBC)
samik-rsi-das,personality,jiva-tattva,iskcon|initiating-guru,Samik Rsi Das,,,SRD,,GBC gbc.iskcon.org,verified,Гуру ИСККОН (GBC)
sankarsana-das,personality,jiva-tattva,iskcon|initiating-guru,Sankarsana Das,,,SDA,,GBC gbc.iskcon.org,verified,Гуру ИСККОН (GBC)
satsvarupa-das-goswami,personality,jiva-tattva,iskcon|guru|not-accepting,Satsvarupa Das Goswami,,,SDG,,GBC gbc.iskcon.org,verified,Гуру ИСККОН (GBC)
satyadeva-das,personality,jiva-tattva,iskcon|initiating-guru,Satyadeva Das,,,SDD,,GBC gbc.iskcon.org,verified,Гуру ИСККОН (GBC)
siddhartha-swami,personality,jiva-tattva,iskcon|initiating-guru,Siddhartha Swami,,,SAS,,GBC gbc.iskcon.org,verified,Гуру ИСККОН (GBC)
sikhi-mahiti-das,personality,jiva-tattva,iskcon|initiating-guru,Sikhi Mahiti Das,,,SMD,,GBC gbc.iskcon.org,verified,Гуру ИСККОН (GBC)
sivarama-swami,personality,jiva-tattva,iskcon|initiating-guru,Sivarama Swami,,,SRS,,GBC gbc.iskcon.org,verified,Гуру ИСККОН (GBC)
smita-krsna-swami,personality,jiva-tattva,iskcon|initiating-guru,Smita Krsna Swami,,,SKS,,GBC gbc.iskcon.org,verified,Гуру ИСККОН (GBC)
sridhama-das,personality,jiva-tattva,iskcon|initiating-guru,Sridhama Das,,,SD,,GBC gbc.iskcon.org,verified,Гуру ИСККОН (GBC)
srivas-das,personality,jiva-tattva,iskcon|initiating-guru,Srivas Das,,,SVD,,GBC gbc.iskcon.org,verified,Гуру ИСККОН (GBC)
subhaga-swami,personality,jiva-tattva,iskcon|initiating-guru,Subhaga Swami,,,SSM,,GBC gbc.iskcon.org,verified,Гуру ИСККОН (GBC)
sukadeva-swami,personality,jiva-tattva,iskcon|initiating-guru,Sukadeva Swami,,,SDS,,GBC gbc.iskcon.org,verified,Гуру ИСККОН (GBC)
sundarananda-das,personality,jiva-tattva,iskcon|initiating-guru,Sundarananda Das,,,SND,,GBC gbc.iskcon.org,verified,Гуру ИСККОН (GBC)
tamal-krishna-goswami,personality,jiva-tattva,iskcon|guru|departed,Tamal Krishna Goswami,,,,,GBC gbc.iskcon.org,verified,Гуру ИСККОН (GBC)
umapati-das,personality,jiva-tattva,iskcon|initiating-guru,Umapati Das,,,UPD,,GBC gbc.iskcon.org,verified,Гуру ИСККОН (GBC)
vaisesika-das,personality,jiva-tattva,iskcon|initiating-guru,Vaisesika Das,,,VSD,,GBC gbc.iskcon.org,verified,Гуру ИСККОН (GBC)
varsana-swami,personality,jiva-tattva,iskcon|initiating-guru,Varsana Swami,,,VS,,GBC gbc.iskcon.org,verified,Гуру ИСККОН (GBC)
vasu-srestha-das,personality,jiva-tattva,iskcon|initiating-guru,Vasu Srestha Das,,,VSD,,GBC gbc.iskcon.org,verified,Гуру ИСККОН (GBC)
vatsala-das,personality,jiva-tattva,iskcon|initiating-guru,Vatsala Das,,,VD,,GBC gbc.iskcon.org,verified,Гуру ИСККОН (GBC)
vedavyasapriya-swami,personality,jiva-tattva,iskcon|initiating-guru,Vedavyasapriya Swami,,,VVPS,,GBC gbc.iskcon.org,verified,Гуру ИСККОН (GBC)
vegavan-das,personality,jiva-tattva,iskcon|guru|not-accepting,Vegavan Das,,,,,GBC gbc.iskcon.org,verified,Гуру ИСККОН (GBC)
virabahu-das,personality,jiva-tattva,iskcon|initiating-guru,Virabahu Das,,,VBD,,GBC gbc.iskcon.org,verified,Гуру ИСККОН (GBC)
yadunandana-swami,personality,jiva-tattva,iskcon|initiating-guru,Yadunandana Swami,,,YNS,,GBC gbc.iskcon.org,verified,Гуру ИСККОН (GBC)
yamunacarya-das-goswami,personality,jiva-tattva,iskcon|initiating-guru,Yamunacarya Das Goswami,,,YDG,,GBC gbc.iskcon.org,verified,Гуру ИСККОН (GBC)
abhimanyu,personality,jiva-tattva,mahabharata,Abhimanyu,Abhimanyu,Абхиманью,,Syn Ardzhuny i Subhadry,,review,Ядро
agni,personality,jiva-tattva,demigod,Agni,Agni,Агни,,Bog ognya,,review,Ядро
advaita,personality,vishnu-tattva,pancha-tattva|avatara,Advaita Acharya,Advaita Ācārya,Адвайта Ачарья,Advaita,Voploshchenie Makha-Vishnu (i Sadashivy); prizval Chaitanyu priyti,Ч.-ч. Ади 6,verified,Ядро
ajamila,personality,jiva-tattva,bhagavatam,Ajamila,Ajāmila,Аджамила,,Padshiy brahman spasyonnyy imenem Narayany,СБ 6.1-2,verified,Ядро
akincana-krishnadasa-babaji,personality,jiva-tattva,pl|godbrother,Akincana Krishnadasa Babaji,,Акинчана Кришнадас Бабаджи,,Духовный брат Прабхупады,Прабхупада-лиламрита,review,Прабхупада-лиламрита
akrura,personality,jiva-tattva,krishna-associate|bhagavatam,Akrura,Akrūra,Акрура,,Predannyy privyozshiy Krishnu v Mathuru,,verified,Ядро
akshobhya-tirtha,personality,jiva-tattva,madhva-parampara,,,Акшобхья Тиртха,,,ГГД 21,review,Гаура-ганоддеша-дипика · Гаура-лила
ambarisa,personality,jiva-tattva,bhagavatam,Ambarisa Maharaja,Ambarīṣa,Амбариша Махарадж,Ambarisa,Obraztsovyy tsar-predannyy,СБ 9.4-5,verified,Ядро
ambika-nurse,personality,,krishna-lila|associate,,,Амбика (нянька Кришны),,identity in Gaura-lila (GGD 41),ГГД 41,review,Гаура-ганоддеша-дипика · Кришна-лила
ananga-manjari,personality,shakti-tattva,krishna-lila|manjari,,,Ананга-манджари,,identity in Gaura-lila (GGD 65),ГГД 65,review,Гаура-ганоддеша-дипика · Кришна-лила
ananta-puri,personality,jiva-tattva,gaura-lila|sannyasi,,,Ананта,,,ГГД 95,review,Гаура-ганоддеша-дипика · Гаура-лила
ananta-acharya,personality,jiva-tattva,gaura-lila|associate,,,Ананта Ачарья Госвами,,,ГГД 164,verified,Гаура-ганоддеша-дипика · Гаура-лила
angada,personality,,krishna-lila|associate,,,Ангада,,identity in Gaura-lila (GGD 90),ГГД 90,review,Гаура-ганоддеша-дипика · Кришна-лила
aniruddha,personality,vishnu-tattva,krishna-lila|vishnu-tattva,,,Анируддха (Чатур-вьюха),,identity in Gaura-lila (GGD 70),ГГД 70,review,Гаура-ганоддеша-дипика · Кришна-лила
arjuna,personality,jiva-tattva,mahabharata|gita|pandava,Arjuna,Arjuna,Арджуна,Partha|Dhananjaya|Gudakesha|Kaunteya,Slushatel Bhagavad-gity; vechnyy sputnik Krishny,Б.-г.,verified,Ядро
arjuna-gopa,personality,jiva-tattva,krishna-lila|gopa,,,Арджуна (пастух),,identity in Gaura-lila (GGD 131),ГГД 131,review,Гаура-ганоддеша-дипика · Кришна-лила
atri,personality,jiva-tattva,sage,Atri,Atri,Атри,,Odin iz semi mudretsov,,review,Ядро
acharyaratna,personality,jiva-tattva,gaura-lila|family,,,Ачарьяратна,,,ГГД 101,review,Гаура-ганоддеша-дипика · Гаура-лила
achyutananda,personality,jiva-tattva,gaura-lila|associate,,,Ачьютананда,,,ГГД 86,review,Гаура-ганоддеша-дипика · Гаура-лила
achyutananda-swami,personality,jiva-tattva,pl|founding-disciple,Achyutananda Swami,,Ачьютананда Свами,,Ранний ученик; первым из учеников отправился в Индию,Прабхупада-лиламрита,review,Прабхупада-лиламрита
balabhadra-bhattacharya,personality,jiva-tattva,gaura-lila|associate,,,Балабхадра Бхаттачарья,,,ГГД 170,verified,Гаура-ганоддеша-дипика · Гаура-лила
baladeva-vidyabhushana,personality,jiva-tattva,gaudiya|acharya,Baladeva Vidyabhushana,Baladeva Vidyābhūṣaṇa,Баладева Видьябхушана,,Avtor kommentariya Govinda-bhashya k Vedanta-sutre,,verified,Ядро
balarama,personality,vishnu-tattva,prakasha-vilasa|first-expansion|vraja,Balarama,Balarāma,Баларама,Baladeva|Sankarshana,Pervaya ekspansiya Krishny; istochnik chatur-vyuhi i purusha-avatar,Ч.-ч. Ади 5,verified,Ядро
bali,personality,jiva-tattva,bhagavatam|maha-jana,Bali Maharaja,Bali Mahārāja,Бали Махарадж,Bali,Otdal vsyo Vamane; makhadzhana,СБ 8.15-23,verified,Ядро
brahma,personality,jiva-tattva,guna-avatara|creator|parampara|maha-jana,Brahma,Brahmā,Брахма,Svayambhu|Pitamaha,Guna-avatara strasti; obychno nadelyonnaya siloy dzhiva; pervyy v parampare,Ч.-ч. Мадхья 20,verified,Ядро
bs,scripture,,canonical-scripture|gaudiya,Brahma-samhita,Brahma-saṁhitā,Брахма-самхита,,Molitvy Brahmy; pyataya glava,,verified,Ядро
kulaka,personality,jiva-tattva,krishna-lila|brahmana,,,брахман Кулака,,identity in Gaura-lila (GGD 49),ГГД 49,review,Гаура-ганоддеша-дипика · Кришна-лила
brahmananda-das,personality,jiva-tattva,pl|founding-disciple,Brahmananda Das,,Брахмананда дас,,Один из первых учеников в Нью-Йорке,Прабхупада-лиламрита,verified,Прабхупада-лиламрита
brihaspati,personality,,krishna-lila|associate,,,Брихаспати,,identity in Gaura-lila (GGD 118),ГГД 118,review,Гаура-ганоддеша-дипика · Кришна-лила
brihachchhishu,personality,jiva-tattva,gaura-lila|servant,,,Брихаччхишу,,,ГГД 137,verified,Гаура-ганоддеша-дипика · Гаура-лила
buddha,personality,vishnu-tattva,avatara|lila-avatara,Buddha,Buddha,Будда,,Avatar Bhagavatam yavivshiysya chtoby vvesti v zabluzhdenie bezbozhnikov,СБ 1.3.24,verified,Ядро
bhavananda-das,personality,jiva-tattva,pl|zonal-acharya-1977,Bhavananda,,Бхавананда,,Один из первых инициирующих ачарьев 1977 г.,Прабхупада-лиламрита,review,Прабхупада-лиламрита
bhavananda-raya,personality,jiva-tattva,gaura-lila|associate,,,Бхавананда Рай,,,ГГД 121,verified,Гаура-ганоддеша-дипика · Гаура-лила
bg,scripture,,prabhupada-book|canonical-scripture|gita,Bhagavad-gita As It Is,Bhagavad-gītā,Бхагавад-гита как она есть,Gita|Gitopanishad,Proiznesena Krishnoy Ardzhune; na vedabase.io,,verified,Ядро
bhagavan-acharya,personality,jiva-tattva,gaura-lila|associate,,,Бхагаван Ачарья Кханджа,,,ГГД 73,review,Гаура-ганоддеша-дипика · Гаура-лила
bhagavan-das-acharya,personality,jiva-tattva,pl|zonal-acharya-1977,Bhagavan Das,,Бхагаван дас,,Один из первых инициирующих ачарьев 1977 г.,Прабхупада-лиламрита,review,Прабхупада-лиламрита
bhagavatacharya,personality,jiva-tattva,gaura-lila|associate,,,Бхагаватачарья,,,ГГД 193,review,Гаура-ганоддеша-дипика · Гаура-лила
bhaguri-muni,personality,jiva-tattva,krishna-lila|sage,,,Бхагури Муни,,identity in Gaura-lila (GGD 105),ГГД 105,review,Гаура-ганоддеша-дипика · Кришна-лила
bhakti-dayita-madhava,personality,jiva-tattva,pl|godbrother,Bhakti Dayita Madhava Maharaja,,Бхакти Дайита Мадхава Махарадж,,Духовный брат Прабхупады,Прабхупада-лиламрита,review,Прабхупада-лиламрита
bhakti-prajnana-keshava,personality,jiva-tattva,pl|godbrother,Bhakti Prajnana Keshava Maharaja,,Бхакти Прагьяна Кешава Махарадж,,Духовный брат; даровал Прабхупаде санньясу (1959),Прабхупада-лиламрита,verified,Прабхупада-лиламрита
bhakti-pramode-puri,personality,jiva-tattva,pl|godbrother,Bhakti Pramode Puri Maharaja,,Бхакти Прамод Пури Махарадж,,Духовный брат Прабхупады,Прабхупада-лиламрита,review,Прабхупада-лиламрита
bhakti-rakshak-sridhar,personality,jiva-tattva,pl|godbrother,Bhakti Rakshak Sridhar Maharaja,,Бхакти Ракшак Шридхар Махарадж,,Духовный брат Прабхупады,Прабхупада-лиламрита,verified,Прабхупада-лиламрита
bhakti-saranga-goswami,personality,jiva-tattva,pl|godbrother,Bhakti Saranga Goswami Maharaja,,Бхакти Саранга Госвами Махарадж,,Духовный брат Прабхупады,Прабхупада-лиламрита,review,Прабхупада-лиламрита
bhakti-hridaya-bon,personality,jiva-tattva,pl|godbrother,Bhakti Hridaya Bon Maharaja,,Бхакти Хридай Бон Махарадж,,Духовный брат Прабхупады,Прабхупада-лиламрита,verified,Прабхупада-лиламрита
bhaktivinoda-thakura,personality,jiva-tattva,gaudiya|acharya,Bhaktivinoda Thakura,Bhaktivinoda Ṭhākura,Бхактивинода Тхакур,,Pioner sovremennogo vozrozhdeniya gaudiya-vaishnavizma,,verified,Ядро
bhaktisiddhanta-sarasvati,personality,jiva-tattva,gaudiya|acharya,Bhaktisiddhanta Sarasvati Thakura,Bhaktisiddhānta Sarasvatī Ṭhākura,Бхактисиддханта Сарасвати Тхакур,Sarasvati Thakura,Osnovatel Gaudiya-mathi; guru Shrily Prabhupady,,verified,Ядро
bhangura,personality,jiva-tattva,krishna-lila|servant,,,Бхангура (слуга),,identity in Gaura-lila (GGD 136),ГГД 136,review,Гаура-ганоддеша-дипика · Кришна-лила
bharata-maharaja,personality,jiva-tattva,bhagavatam,Bharata Maharaja,Bharata Mahārāja,Бхарата Махарадж,Jada Bharata,Tsar po imeni kotorogo nazvana Bharata-varsha,СБ 5.7-14,review,Ядро
bhaskara-thakura,personality,jiva-tattva,gaura-lila|associate,,,Бхаскара Тхакур,,,ГГД 113,verified,Гаура-ганоддеша-дипика · Гаура-лила
bhima,personality,jiva-tattva,mahabharata|pandava,Bhima,Bhīma,Бхима,Vrikodara,Vtoroy iz Pandavov,,verified,Ядро
bhishma,personality,jiva-tattva,mahabharata|maha-jana,Bhishma,Bhīṣma,Бхишма,Devavrata|Gangeya,Ded Kuru; odin iz dvenadtsati makhadzhan,,verified,Ядро
bhrigu,personality,jiva-tattva,sage,Bhrigu,Bhṛgu,Бхригу,,Mudrets ispytavshiy tryokh bogov,,review,Ядро
bhringara,personality,jiva-tattva,krishna-lila|servant,,,Бхрингара (слуга),,identity in Gaura-lila (GGD 136),ГГД 136,review,Гаура-ганоддеша-дипика · Кришна-лила
bhu-devi,personality,,krishna-lila|associate,,,Бху-деви (Бхушакти),,identity in Gaura-lila (GGD 46),ГГД 46,review,Гаура-ганоддеша-дипика · Кришна-лила
bhugarbha-goswami,personality,jiva-tattva,gaura-lila|associate,,,Бхугарбха Тхакур,,,ГГД 186,verified,Гаура-ганоддеша-дипика · Гаура-лила
vakreshvara-pandit,personality,jiva-tattva,gaura-lila|associate,,,Вакрешвара Пандит,,,ГГД 70,verified,Гаура-ганоддеша-дипика · Гаура-лила
vallabha-bhatta,personality,jiva-tattva,gaura-lila|associate,,,Валлабха Бхатта,,,ГГД 109,verified,Гаура-ганоддеша-дипика · Гаура-лила
vallabhacharya-gl,personality,jiva-tattva,gaura-lila|associate,,,Валлабхачарья,,,ГГД 43,review,Гаура-ганоддеша-дипика · Гаура-лила
vamana,personality,vishnu-tattva,avatara|lila-avatara,Vamana,Vāmana,Вамана,Trivikrama|Upendra,Lila-avatara; ispytal Bali Maharadzha,СБ 8.18-22,verified,Ядро
vamshi-dasa-thakura,personality,jiva-tattva,gaura-lila|associate,,,Вамши-дас Тхакур,,,ГГД 178,verified,Гаура-ганоддеша-дипика · Гаура-лила
vanamala-pandit,personality,jiva-tattva,gaura-lila|associate,,,Ванамала Пандит,,,ГГД 143,verified,Гаура-ганоддеша-дипика · Гаура-лила
vanamali-acharya,personality,jiva-tattva,gaura-lila|associate,,,Ванамали Ачарья,,,ГГД 48,verified,Гаура-ганоддеша-дипика · Гаура-лила
vanamali-thakura,personality,jiva-tattva,gaura-lila|associate,,,Ванамали Тхакур,,,ГГД 113,verified,Гаура-ганоддеша-дипика · Гаура-лила
vaninatha-dvija,personality,jiva-tattva,gaura-lila|associate,,,Ванинатха Двиджа,,,ГГД 193,review,Гаура-ганоддеша-дипика · Гаура-лила
varaha,personality,vishnu-tattva,avatara|lila-avatara,Varaha,Varāha,Вараха,,Lila-avatara; vepr podnyavshiy Zemlyu,,verified,Ядро
varida,personality,jiva-tattva,krishna-lila|gopa,,,Варида (пастух),,identity in Gaura-lila (GGD 138),ГГД 138,review,Гаура-ганоддеша-дипика · Кришна-лила
variyasi-devi,personality,,krishna-lila|associate,,,Варияси-деви,,identity in Gaura-lila (GGD 35),ГГД 35,review,Гаура-ганоддеша-дипика · Кришна-лила
varuna,personality,jiva-tattva,demigod,Varuna,Varuṇa,Варуна,,Bog vod,,review,Ядро
varuni-devi,personality,,krishna-lila|associate,,,Варуни-деви (супруга Баларамы),,identity in Gaura-lila (GGD 64),ГГД 64,review,Гаура-ганоддеша-дипика · Кришна-лила
varuthapa,personality,jiva-tattva,krishna-lila|gopa,,,Варутхапа (пастух),,identity in Gaura-lila (GGD 134),ГГД 134,review,Гаура-ганоддеша-дипика · Кришна-лила
vasishtha,personality,jiva-tattva,sage,Vasishtha,Vasiṣṭha,Васиштха,,Odin iz semi mudretsov,,review,Ядро
vasudama,personality,jiva-tattva,krishna-lila|gopa,,,Васудама (пастух),,identity in Gaura-lila (GGD 126),ГГД 126,review,Гаура-ганоддеша-дипика · Кришна-лила
vasudeva,personality,jiva-tattva,krishna-family|bhagavatam,Vasudeva,Vasudeva,Васудева,Anakadundubhi,Otets Krishny,,verified,Ядро
vasudeva-datta,personality,jiva-tattva,gaura-lila|singer,,,Васудева Датта,,,ГГД 139,verified,Гаура-ганоддеша-дипика · Гаура-лила
vasudeva-tirtha,personality,jiva-tattva,gaura-lila|sannyasi,,,Васудева Тиртха,,,ГГД 98,review,Гаура-ганоддеша-дипика · Гаура-лила
vasudha-devi,personality,jiva-tattva,gaura-lila|consort,,,Васудха-деви,,,ГГД 64,verified,Гаура-ганоддеша-дипика · Гаура-лила
vedanta-sutra,scripture,,canonical-scripture,Vedanta-sutra,Vedānta-sūtra,Веданта-сутра,Brahma-sutra,Aforizmy Vyasadevy ob Absolyute,,verified,Ядро
vedas,scripture,,canonical-scripture,The Vedas,Veda,Веды,Rig|Yajur|Sama|Atharva,Chetyre iznachalnye Vedy,,verified,Ядро
vibhishana,personality,,krishna-lila|associate,,,Вибхишана (или Джатила),,identity in Gaura-lila (GGD 91),ГГД 91,review,Гаура-ганоддеша-дипика · Кришна-лила
vijaya,personality,,krishna-lila|associate,,,Виджая,,identity in Gaura-lila (GGD 88),ГГД 88,review,Гаура-ганоддеша-дипика · Кришна-лила
vidura,personality,jiva-tattva,mahabharata|bhagavatam,Vidura,Vidura,Видура,,Uslyshal Bhagavatam ot Maitrei,СБ 3,verified,Ядро
vidyavachaspati,personality,jiva-tattva,gaura-lila|associate,,,Видьявачаспати,,,ГГД 169,verified,Гаура-ганоддеша-дипика · Гаура-лила
vidyanidhi-gl,personality,jiva-tattva,gaura-lila|family,,,Видьянидхи,,,ГГД 101,review,Гаура-ганоддеша-дипика · Гаура-лила
vidyanidhi-tirtha,personality,jiva-tattva,madhva-parampara,,,Видьянидхи,,,ГГД 21,review,Гаура-ганоддеша-дипика · Гаура-лила
vira-devi,personality,,krishna-lila|associate,,,Вира-деви и Дути-деви,,identity in Gaura-lila (GGD 175),ГГД 175,review,Гаура-ганоддеша-дипика · Кришна-лила
virachandra,personality,jiva-tattva,gaura-lila|vishnu-tattva,,,Вирачандра Прабху,,,ГГД 66,verified,Гаура-ганоддеша-дипика · Гаура-лила
vichakshana-parrot,personality,,krishna-lila|associate,,,Вичакшана (попугай),,identity in Gaura-lila (GGD 144),ГГД 144,review,Гаура-ганоддеша-дипика · Кришна-лила
vishakha,personality,shakti-tattva,krishna-lila|gopi,,,Вишакха-гопи,,identity in Gaura-lila (GGD 159),ГГД 159,review,Гаура-ганоддеша-дипика · Кришна-лила
vishvakarma,personality,,krishna-lila|associate,,,Вишвакарма,,identity in Gaura-lila (GGD 113),ГГД 113,review,Гаура-ганоддеша-дипика · Кришна-лила
vishvamitra,personality,jiva-tattva,sage,Vishvamitra,Viśvāmitra,Вишвамитра,,Mudrets; nastavnik Ramy,,review,Ядро
vishveshvara-acharya,personality,jiva-tattva,gaura-lila|associate,,,Вишвешвара Ачарья,,,ГГД 112,verified,Гаура-ганоддеша-дипика · Гаура-лила
vishnu,personality,vishnu-tattva,vilasa|guna-avatara|maintainer,Vishnu,Viṣṇu,Вишну,Narayana|Hari|Janardana,Guna-avatara blagosti; podderzhivayushchaya ekspansiya Krishny,Ч.-ч. Мадхья 20,verified,Ядро
vishnujana-swami,personality,jiva-tattva,iskcon|prabhupada-disciple,Vishnujana Swami,Viṣṇujana Svāmī,Вишнуджана Свами Махарадж,,Ranniy sannyasi ISKCON proslavivshiysya kirtanom,,verified,Ядро
vishnupriya,personality,jiva-tattva,gaura-lila|consort,,,Вишнуприя,,,ГГД 46,verified,Гаура-ганоддеша-дипика · Гаура-лила
eight-siddhis,personality,jiva-tattva,krishna-lila|collective,,,Восемь мистических сил (анима и др.),,,ГГД 95,verified,Гаура-ганоддеша-дипика · Гаура-лила
vrinda-devi,personality,,krishna-lila|associate,,,Вринда-деви,,identity in Gaura-lila (GGD 174),ГГД 174,review,Гаура-ганоддеша-дипика · Кришна-лила
vrindavana-dasa-thakura,personality,jiva-tattva,gaudiya,Vrindavana dasa Thakura,Vṛndāvana dāsa Ṭhākura,Вриндаван дас Тхакур,,Avtor Chaitanya-bhagavaty,,verified,Ядро
vyasadeva,personality,jiva-tattva,shaktyavesha|sage|parampara,Vyasa,Vyāsa,Вьясадева,Krishna-Dvaipayana|Badarayana|Veda-vyasa,Shaktyavesha-avatar; sostavitel Ved; avtor mnogikh pisaniy,СБ 1.3.21,verified,Ядро
vyasatirtha,personality,jiva-tattva,madhva-parampara,,,Вьясатиртха,,,ГГД 21,review,Гаура-ганоддеша-дипика · Гаура-лила
gadadhara-bhatta,personality,jiva-tattva,gaura-lila|associate,,,Гададхара Бхатта,,,ГГД 164,verified,Гаура-ганоддеша-дипика · Гаура-лила
gadadhara-dasa,personality,jiva-tattva,gaura-lila|associate,,,Гададхара дас,,,ГГД 153,verified,Гаура-ганоддеша-дипика · Гаура-лила
gadadhara,personality,shakti-tattva,pancha-tattva,Gadadhara Pandita,Gadādhara Paṇḍita,Гададхара Пандит,,Energiya predannosti (shakti) v Pancha-tattve,Ч.-ч. Ади 7.5,verified,Ядро
ganga,personality,vishnu-tattva,krishna-lila|vishnu-tattva,,,Ганга (река из стоп Вишну),,identity in Gaura-lila (GGD 68),ГГД 68,review,Гаура-ганоддеша-дипика · Кришна-лила
ganga-devi,personality,jiva-tattva,gaura-lila|associate,,,Ганга-деви,,,ГГД 68,verified,Гаура-ганоддеша-дипика · Гаура-лила
ganga-mantri,personality,jiva-tattva,gaura-lila|associate,,,Ганга-мантри,,,ГГД 193,review,Гаура-ганоддеша-дипика · Гаура-лила
gangadasa-pandit,personality,jiva-tattva,gaura-lila|associate,,,Гангадаса Пандит,,,ГГД 52,verified,Гаура-ганоддеша-дипика · Гаура-лила
gandharva-gopa,personality,jiva-tattva,krishna-lila|gopa,,,Гандхарва (пастух),,identity in Gaura-lila (GGD 135),ГГД 135,review,Гаура-ганоддеша-дипика · Кришна-лила
ganesha,personality,jiva-tattva,demigod,Ganesha,Gaṇeśa,Ганеша,Ganapati,Syn Shivy,,review,Ядро
garga-muni,personality,jiva-tattva,krishna-lila|sage,,,Гарга Муни,,identity in Gaura-lila (GGD 103),ГГД 103,review,Гаура-ганоддеша-дипика · Кришна-лила
gargamuni-swami,personality,jiva-tattva,pl|founding-disciple,Gargamuni Swami,,Гаргамуни Свами,,Один из первых учеников в Нью-Йорке; брат Брахмананды,Прабхупада-лиламрита,review,Прабхупада-лиламрита
garuda-kumuda,personality,jiva-tattva,gaura-lila|associate,,,Гаруда,,,ГГД 115,verified,Гаура-ганоддеша-дипика · Гаура-лила
garuda,personality,,krishna-lila|associate,,,Гаруда,,identity in Gaura-lila (GGD 116),ГГД 116,review,Гаура-ганоддеша-дипика · Кришна-лила
garuda-avadhuta,personality,jiva-tattva,gaura-lila|sannyasi,,,Гаруда Авадхута (Гопендра Ашрама),,,ГГД 98,review,Гаура-ганоддеша-дипика · Гаура-лила
garuda-pandit,personality,jiva-tattva,gaura-lila|associate,,,Гаруда Пандит,,,ГГД 116,verified,Гаура-ганоддеша-дипика · Гаура-лила
gaurakishora-dasa-babaji,personality,jiva-tattva,gaudiya|acharya,Gaurakishora dasa Babaji,Gaurakiśora dāsa Bābājī,Гауракишора дас Бабаджи,,Diksha-guru Bhaktisiddhanty Sarasvati,,verified,Ядро
gauraseni,personality,shakti-tattva,krishna-lila|gopi,,,Гаурасени-гопи,,identity in Gaura-lila (GGD 167),ГГД 167,review,Гаура-ганоддеша-дипика · Кришна-лила
gauridasa-pandit,personality,jiva-tattva,gaura-lila|associate,,,Гауридаса Пандит,,,ГГД 127,verified,Гаура-ганоддеша-дипика · Гаура-лила
govinda-pk,personality,jiva-tattva,gaura-lila|associate,,,Говинда,,,ГГД 115,verified,Гаура-ганоддеша-дипика · Гаура-лила
govinda-servant,personality,jiva-tattva,gaura-lila|servant,,,Говинда,,,ГГД 136,verified,Гаура-ганоддеша-дипика · Гаура-лила
govinda-puri,personality,jiva-tattva,gaura-lila|sannyasi,,,Говинда,,,ГГД 95,review,Гаура-ганоддеша-дипика · Гаура-лила
govinda-acharya,personality,jiva-tattva,gaura-lila|associate,,,Говинда Ачарья,,,ГГД 40,verified,Гаура-ганоддеша-дипика · Гаура-лила
govinda-dasi,personality,jiva-tattva,pl|founding-disciple,Govinda Dasi,,Говинда даси,,Ранняя ученица; личная служанка-секретарь,Прабхупада-лиламрита,review,Прабхупада-лиламрита
govindananda,personality,jiva-tattva,gaura-lila|associate,,,Говиндананда,,,ГГД 90,verified,Гаура-ганоддеша-дипика · Гаура-лила
gopala-bhatta-goswami,personality,jiva-tattva,gaudiya|six-goswamis,Gopala Bhatta Goswami,Gopāla Bhaṭṭa Gosvāmī,Гопал Бхатта Госвами,,Odin iz Shesti Gosvami,,verified,Ядро
gopala-tp,personality,jiva-tattva,gaura-lila|associate,,,Гопала,,,ГГД 157,verified,Гаура-ганоддеша-дипика · Гаура-лила
gopinatha-acharya,personality,jiva-tattva,gaura-lila|associate,,,Гопинатха Ачарья,,,ГГД 74,verified,Гаура-ганоддеша-дипика · Гаура-лила
gopinatha-acharya-rv,personality,jiva-tattva,gaura-lila|associate,,,Гопинатха Ачарья,,,ГГД 177,verified,Гаура-ганоддеша-дипика · Гаура-лила
gopinatha-simha,personality,jiva-tattva,gaura-lila|associate,,,Гопинатха Симха,,,ГГД 116,verified,Гаура-ганоддеша-дипика · Гаура-лила
gour-mohan-de,personality,jiva-tattva,pl|family,Gour Mohan De,,Гоур Мохан Де,,Отец Шрилы Прабхупады,Прабхупада-лиламрита,verified,Прабхупада-лиламрита
gunamala,personality,shakti-tattva,krishna-lila|gopi,,,Гунамала-деви (гопи),,identity in Gaura-lila (GGD 166),ГГД 166,review,Гаура-ганоддеша-дипика · Кришна-лила
gunanidhi,personality,jiva-tattva,gaura-lila|family,,,Гунанидхи,,,ГГД 101,review,Гаура-ганоддеша-дипика · Гаура-лила
gurudas,personality,jiva-tattva,pl|founding-disciple,Gurudas,,Гурудас,,Ранний ученик; возглавил храм в Лондоне,Прабхупада-лиламрита,review,Прабхупада-лиламрита
jnanasindhu,personality,jiva-tattva,madhva-parampara,,,Гьянасиндху,,,ГГД 21,review,Гаура-ганоддеша-дипика · Гаура-лила
daksha-parrot,personality,,krishna-lila|associate,,,Дакша (попугай),,identity in Gaura-lila (GGD 144),ГГД 144,review,Гаура-ганоддеша-дипика · Кришна-лила
dama-gopa,personality,jiva-tattva,krishna-lila|gopa,,,Дама-гопа,,identity in Gaura-lila (GGD 130),ГГД 130,review,Гаура-ганоддеша-дипика · Кришна-лила
damayanti-devi,personality,jiva-tattva,gaura-lila|associate,,,Дамаянти-деви,,,ГГД 166,verified,Гаура-ганоддеша-дипика · Гаура-лила
damodara-puri,personality,jiva-tattva,gaura-lila|sannyasi,,,Дамодара,,,ГГД 95,review,Гаура-ганоддеша-дипика · Гаура-лила
damodara-pandit,personality,jiva-tattva,gaura-lila|associate,,,Дамодара Пандит,,,ГГД 158,verified,Гаура-ганоддеша-дипика · Гаура-лила
devaki,personality,jiva-tattva,krishna-family|bhagavatam,Devaki,Devakī,Деваки,,Mat Krishny,,verified,Ядро
devananda-pandit,personality,jiva-tattva,gaura-lila|associate,,,Девананда Пандит,,,ГГД 105,verified,Гаура-ганоддеша-дипика · Гаура-лила
nine-jayantas,personality,jiva-tattva,krishna-lila|collective,,,Девять Джаянтей,,,ГГД 98,verified,Гаура-ганоддеша-дипика · Гаура-лила
nine-treasures-kuvera,personality,jiva-tattva,krishna-lila|collective,,,Девять сокровищ Куверы,,,ГГД 101,verified,Гаура-ганоддеша-дипика · Гаура-лила
jagadananda-pandit,personality,jiva-tattva,gaura-lila|associate,,,Джагадананда Пандит,,,ГГД 50,verified,Гаура-ганоддеша-дипика · Гаура-лила
jagadisha-pandit,personality,jiva-tattva,gaura-lila|dancer,,,Джагадиша Пандит,,,ГГД 142,verified,Гаура-ганоддеша-дипика · Гаура-лила
jagannatha-jv,personality,jiva-tattva,gaura-lila|associate,,,Джаганнатха,,,ГГД 114,verified,Гаура-ганоддеша-дипика · Гаура-лила
jagannatha-tp,personality,jiva-tattva,gaura-lila|associate,,,Джаганнатха,,,ГГД 157,verified,Гаура-ганоддеша-дипика · Гаура-лила
jagannatha-acharya,personality,jiva-tattva,gaura-lila|associate,,,Джаганнатха Ачарья (Гангадаса),,,ГГД 110,verified,Гаура-ганоддеша-дипика · Гаура-лила
jagannatha-mamu,personality,jiva-tattva,gaura-lila|associate,,,Джаганнатха Маму,,,ГГД 193,review,Гаура-ганоддеша-дипика · Гаура-лила
jagannatha-mishra,personality,jiva-tattva,gaura-lila|family,,,Джаганнатха Мишра Пурандара,,,ГГД 36,verified,Гаура-ганоддеша-дипика · Гаура-лила
jagannatha-sena,personality,jiva-tattva,gaura-lila|associate,,,Джаганнатха Сена Махашая,,,ГГД 193,review,Гаура-ганоддеша-дипика · Гаура-лила
jagannatha-tirtha,personality,jiva-tattva,gaura-lila|sannyasi,,,Джаганнатха Тиртха,,,ГГД 98,review,Гаура-ганоддеша-дипика · Гаура-лила
jadurani-devi-dasi,personality,jiva-tattva,pl|founding-disciple,Jadurani Devi Dasi,,Джадурани деви даси,,Первая художница ИСККОН,Прабхупада-лиламрита,verified,Прабхупада-лиламрита
janaka,personality,jiva-tattva,king|maha-jana,Janaka,Janaka,Джанака,,Samoosoznavshiy tsar; otets Sity; makhadzhana,,verified,Ядро
janaki-rukmini,personality,,krishna-lila|associate,,,Джанаки и Рукмини (Лакшми),,identity in Gaura-lila (GGD 44),ГГД 44,review,Гаура-ганоддеша-дипика · Кришна-лила
jangali,personality,jiva-tattva,gaura-lila|associate,,,Джангали,,,ГГД 88,verified,Гаура-ганоддеша-дипика · Гаура-лила
jahnavi-devi,personality,jiva-tattva,gaura-lila|consort,,,Джахнави-деви,,,ГГД 64,verified,Гаура-ганоддеша-дипика · Гаура-лила
jaya,personality,,krishna-lila|associate,,,Джая,,identity in Gaura-lila (GGD 88),ГГД 88,review,Гаура-ганоддеша-дипика · Кришна-лила
jayadharma-muni,personality,jiva-tattva,madhva-parampara,,,Джаядхарма Муни,,,ГГД 21,review,Гаура-ганоддеша-дипика · Гаура-лила
jayatirtha,personality,jiva-tattva,madhva-parampara,,,Джаятиртха,,,ГГД 21,review,Гаура-ганоддеша-дипика · Гаура-лила
jayatirtha-das,personality,jiva-tattva,pl|zonal-acharya-1977,Jayatirtha,,Джаятиртха,,Один из первых инициирующих ачарьев 1977 г.,Прабхупада-лиламрита,review,Прабхупада-лиламрита
jiva-goswami,personality,jiva-tattva,gaudiya|six-goswamis,Jiva Goswami,Jīva Gosvāmī,Джива Госвами,,Odin iz Shesti Gosvami; avtor Shat-sandarbhi,,verified,Ядро
jiva-pandit,personality,jiva-tattva,gaura-lila|associate,,,Джива Пандит,,,ГГД 168,verified,Гаура-ганоддеша-дипика · Гаура-лила
jiva-pandit-vallabha,personality,jiva-tattva,gaura-lila|associate,,,Джива Пандит (сын Валлабхи),,,ГГД 193,review,Гаура-ганоддеша-дипика · Гаура-лила
jitamrita,personality,jiva-tattva,gaura-lila|associate,,,Джитамрита,,,ГГД 193,review,Гаура-ганоддеша-дипика · Гаура-лила
draupadi,personality,jiva-tattva,mahabharata,Draupadi,Draupadī,Драупади,Panchali,Supruga Pandavov,,verified,Ядро
drona,personality,jiva-tattva,mahabharata,Dronacharya,Droṇācārya,Дроначарья,Drona,Voennyy nastavnik Kuru i Pandavov,,verified,Ядро
durvasa,personality,jiva-tattva,sage,Durvasa,Durvāsā,Дурваса,,Mudrets izvestnyy gnevom; ispytal Ambarishu,СБ 9.4-5,review,Ядро
duryodhana,personality,jiva-tattva,mahabharata,Duryodhana,Duryodhana,Дурьодхана,Suyodhana,Starshiy iz Kauravov,,verified,Ядро
dhananjaya-pandit,personality,jiva-tattva,gaura-lila|associate,,,Дхананджая Пандит,,,ГГД 126,verified,Гаура-ганоддеша-дипика · Гаура-лила
dhanishtha,personality,shakti-tattva,krishna-lila|gopi,,,Дхаништха-деви (гопи),,identity in Gaura-lila (GGD 165),ГГД 165,review,Гаура-ганоддеша-дипика · Кришна-лила
dhritarashtra,personality,jiva-tattva,mahabharata,Dhritarashtra,Dhṛtarāṣṭra,Дхритараштра,,Slepoy tsar Kuru; otets Duryodhany,,verified,Ядро
dhruva,personality,jiva-tattva,bhagavatam,Dhruva Maharaja,Dhruva Mahārāja,Дхрува Махарадж,Dhruva,Rebyonok-predannyy dostigshiy Polyarnoy zvezdy,СБ 4.8-12,verified,Ядро
dhruvananda-brahmachari,personality,jiva-tattva,gaura-lila|associate,,,Дхрувананда Брахмачари,,,ГГД 151,review,Гаура-ганоддеша-дипика · Гаура-лила
indira-gopi,personality,shakti-tattva,krishna-lila|gopi,,,Индира-гопи,,identity in Gaura-lila (GGD 168),ГГД 168,review,Гаура-ганоддеша-дипика · Кришна-лила
indra,personality,jiva-tattva,demigod|svarga,Indra,Indra,Индра,Devaraja|Purandara,Tsar rayskikh planet (post dzhiv),,verified,Ядро
indulekha,personality,shakti-tattva,krishna-lila|gopi,,,Индулекха-гопи,,identity in Gaura-lila (GGD 163),ГГД 163,review,Гаура-ганоддеша-дипика · Кришна-лила
ishanacharya,personality,jiva-tattva,gaura-lila|associate,,,Ишаначарья,,,ГГД 193,review,Гаура-ганоддеша-дипика · Гаура-лила
ishvara-puri,personality,jiva-tattva,gaudiya|parampara,Ishvara Puri,Īśvara Purī,Ишвара Пури,,Diksha-guru Chaitanyi Mahaprabhu,,verified,Ядро
yogamaya,personality,,krishna-lila|associate,,,Йогамайя,,identity in Gaura-lila (GGD 85),ГГД 85,review,Гаура-ганоддеша-дипика · Кришна-лила
kaveri,personality,shakti-tattva,krishna-lila|gopi,,,Кавери-гопи,,identity in Gaura-lila (GGD 167),ГГД 167,review,Гаура-ганоддеша-дипика · Кришна-лила
kavidatta,personality,jiva-tattva,gaura-lila|associate,,,Кавидатта,,,ГГД 193,review,Гаура-ганоддеша-дипика · Гаура-лила
kaviratna,personality,jiva-tattva,gaura-lila|family,,,Кавиратна,,,ГГД 101,review,Гаура-ганоддеша-дипика · Гаура-лила
kavichandra,personality,jiva-tattva,gaura-lila|associate,,,Кавичандра,,,ГГД 170,verified,Гаура-ганоддеша-дипика · Гаура-лила
kalavati,personality,shakti-tattva,krishna-lila|gopi,,,Калавати-гопи,,identity in Gaura-lila (GGD 166),ГГД 166,review,Гаура-ганоддеша-дипика · Кришна-лила
kalakantha,personality,,krishna-lila|associate,,,Калакантха-деви,,identity in Gaura-lila (GGD 172),ГГД 172,review,Гаура-ганоддеша-дипика · Кришна-лила
kalakrishna-dasa,personality,jiva-tattva,gaura-lila|associate,,,Калакришна дас,,,ГГД 131,verified,Гаура-ганоддеша-дипика · Гаура-лила
kalidasa,personality,jiva-tattva,gaura-lila|associate,,,Калидаса,,,ГГД 189,verified,Гаура-ганоддеша-дипика · Гаура-лила
kalki,personality,vishnu-tattva,avatara|lila-avatara,Kalki,Kalki,Калки,,Gryadushchiy avatar v kontse Kali-yugi,,verified,Ядро
kamala-gl,personality,jiva-tattva,gaura-lila|associate,,,Камала,,,ГГД 193,review,Гаура-ганоддеша-дипика · Гаура-лила
kamalavati-devi,personality,jiva-tattva,gaura-lila|family,,,Камалавати-деви,,,ГГД 35,verified,Гаура-ганоддеша-дипика · Гаура-лила
kamalakara-pippalai,personality,jiva-tattva,gaura-lila|associate,,,Камалакара Пиппалаи,,,ГГД 127,verified,Гаура-ганоддеша-дипика · Гаура-лила
kamsa,personality,jiva-tattva,demon|bhagavatam,Kamsa,Kaṁsa,Камса,,Demonichnyy tsar Mathury; dyadya Krishny,СБ 10,verified,Ядро
kamshari-sena,personality,jiva-tattva,gaura-lila|associate,,,Камшари Сена,,,ГГД 193,review,Гаура-ганоддеша-дипика · Гаура-лила
kapila,personality,vishnu-tattva,avatara|lila-avatara|sage,Kapila,Kapila,Капила,,Lila-avatara; syn Devakhuti; uchil sankhye,СБ 3.25-33,verified,Ядро
karna,personality,jiva-tattva,mahabharata,Karna,Karṇa,Карна,Radheya,Syn Kunti ot Surya,,review,Ядро
kartikeya,personality,jiva-tattva,demigod,Kartikeya,Kārttikeya,Картикея,Skanda|Subrahmanya,Syn Shivy; polkovodets polubogov,,review,Ядро
karttikeya,personality,shakti-tattva,krishna-lila|gopi,,,Карттикея и Ачьюта-гопи,,identity in Gaura-lila (GGD 86),ГГД 86,review,Гаура-ганоддеша-дипика · Кришна-лила
katyayani,personality,shakti-tattva,krishna-lila|gopi,,,Катьяяни-деви (гопи),,identity in Gaura-lila (GGD 173),ГГД 173,review,Гаура-ганоддеша-дипика · Кришна-лила
kashi-mishra,personality,jiva-tattva,gaura-lila|associate,,,Каши Мишра,,,ГГД 192,verified,Гаура-ганоддеша-дипика · Гаура-лила
kashinatha,personality,jiva-tattva,gaura-lila|associate,,,Кашинатха,,,ГГД 49,verified,Гаура-ганоддеша-дипика · Гаура-лила
kashinatha-natha,personality,jiva-tattva,gaura-lila|associate,,,Кашинатха,,,ГГД 106,review,Гаура-ганоддеша-дипика · Гаура-лила
kashishvara,personality,jiva-tattva,gaura-lila|servant,,,Кашишвара,,,ГГД 136,verified,Гаура-ганоддеша-дипика · Гаура-лила
kashishvara-goswami,personality,jiva-tattva,gaura-lila|associate,,,Кашишвара Госвами,,,ГГД 165,verified,Гаура-ганоддеша-дипика · Гаура-лила
kashyapa,personality,jiva-tattva,sage,Kashyapa,Kaśyapa,Кашьяпа,,Praroditel-mudrets,,review,Ядро
keshava-puri,personality,jiva-tattva,gaura-lila|sannyasi,,,Кешава,,,ГГД 95,review,Гаура-ганоддеша-дипика · Гаура-лила
keshava-bharati,personality,jiva-tattva,gaura-lila|sannyasi,,,Кешава Бхарати,,,ГГД 51,verified,Гаура-ганоддеша-дипика · Гаура-лила
kilambika,personality,,krishna-lila|associate,,,Киламбика-деви,,identity in Gaura-lila (GGD 42),ГГД 42,review,Гаура-ганоддеша-дипика · Кришна-лила
kirtanananda-swami,personality,jiva-tattva,pl|zonal-acharya-1977,Kirtanananda Swami,,Киртанананда Свами,,Один из первых инициирующих ачарьев 1977 г.,Прабхупада-лиламрита,review,Прабхупада-лиламрита
kirtida,personality,,krishna-lila|associate,,,Киртида-деви,,identity in Gaura-lila (GGD 56),ГГД 56,review,Гаура-ганоддеша-дипика · Кришна-лила
krishna,personality,vishnu-tattva,svayam-bhagavan|source-of-all|vraja|gita|bhagavatam|cc,Krishna,Kṛṣṇa,Кришна,Govinda|Gopala|Shyamasundara|Madhava|Hari|Vrajendra-nandana,Iznachalnaya Verkhovnaya Lichnost Boga; istochnik vsekh form Boga i vsekh avatar,СБ 1.3.28; Б.-с. 5.1,verified,Ядро
krishna-book,scripture,,prabhupada-book,Krishna the Supreme Personality of Godhead,Kṛṣṇa,Кришна Верховная Личность Бога,KRSNA Book,Izlozhenie Desyatoy pesni,,verified,Ядро
krishnadas-rr,personality,jiva-tattva,gaura-lila|associate,,,Кришнадас,,,ГГД 166,verified,Гаура-ганоддеша-дипика · Гаура-лила
krishnadasa-brahmachari,personality,jiva-tattva,gaura-lila|associate,,,Кришнадас Брахмачари,,,ГГД 163,verified,Гаура-ганоддеша-дипика · Гаура-лила
krishnadasa-kaviraja,personality,jiva-tattva,gaudiya,Krishnadasa Kaviraja Goswami,Kṛṣṇadāsa Kavirāja Gosvāmī,Кришнадас Кавираджа Госвами,,Avtor Shri Chaitanya-charitamrity,,verified,Ядро
krishnananda-kv,personality,jiva-tattva,gaura-lila|associate,,,Кришнананда,,,ГГД 166,verified,Гаура-ганоддеша-дипика · Гаура-лила
krishnananda-puri,personality,jiva-tattva,gaura-lila|sannyasi,,,Кришнананда,,,ГГД 95,review,Гаура-ганоддеша-дипика · Гаура-лила
kubja,personality,,krishna-lila|associate,,,Кубджа,,identity in Gaura-lila (GGD 192),ГГД 192,review,Гаура-ганоддеша-дипика · Кришна-лила
kuvera,personality,jiva-tattva,demigod,Kuvera,Kuvera,Кувера,,Kaznachey polubogov,,review,Ядро
kuvera-pandit,personality,jiva-tattva,gaura-lila|family,,,Кувера Пандит,,,ГГД 80,verified,Гаура-ганоддеша-дипика · Гаура-лила
kumuda,personality,,krishna-lila|associate,,,Кумуда,,identity in Gaura-lila (GGD 115),ГГД 115,review,Гаура-ганоддеша-дипика · Кришна-лила
kumudananda-pandit,personality,jiva-tattva,gaura-lila|associate,,,Кумудананда Пандит,,,ГГД 135,verified,Гаура-ганоддеша-дипика · Гаура-лила
kunti,personality,jiva-tattva,mahabharata|bhagavatam,Kunti,Kuntī,Кунти,Pritha,Mat Pandavov; eyo molitvy v SB Pesn 1,СБ 1.8,verified,Ядро
kurma,personality,vishnu-tattva,avatara|lila-avatara,Kurma,Kūrma,Курма,,Lila-avatara; cherepakha pri pakhtanye okeana,,verified,Ядро
kusumashava,personality,jiva-tattva,krishna-lila|gopa,,,Кусумашава (пастух),,identity in Gaura-lila (GGD 132),ГГД 132,review,Гаура-ганоддеша-дипика · Кришна-лила
kholavecha-shridhara,personality,jiva-tattva,gaura-lila|associate,,,Кхолавеча Шридхара,,,ГГД 132,verified,Гаура-ганоддеша-дипика · Гаура-лила
kshirodakashayi-vishnu,personality,vishnu-tattva,krishna-lila|vishnu-tattva,,,Кширодакашайи Вишну,,identity in Gaura-lila (GGD 66),ГГД 66,review,Гаура-ганоддеша-дипика · Кришна-лила
lavanga-gopa,personality,jiva-tattva,krishna-lila|gopa,,,Лаванга (пастух),,identity in Gaura-lila (GGD 131),ГГД 131,review,Гаура-ганоддеша-дипика · Кришна-лила
lavanga-manjari,personality,shakti-tattva,krishna-lila|manjari,,,Лаванга/Рати-манджари и Санатана Кумар,,identity in Gaura-lila (GGD 180),ГГД 180,review,Гаура-ганоддеша-дипика · Кришна-лила
lakshmi,personality,shakti-tattva,goddess,Lakshmi,Lakṣmī,Лакшми,Sri|Rama-devi|Padma,Boginya protsvetaniya; supruga Narayany,,verified,Ядро
lakshminatha-pandit,personality,jiva-tattva,gaura-lila|associate,,,Лакшминатха Пандит,,,ГГД 193,review,Гаура-ганоддеша-дипика · Гаура-лила
lakshmipati-tirtha,personality,jiva-tattva,madhva-parampara,,,Лакшмипати Тиртха,,,ГГД 21,review,Гаура-ганоддеша-дипика · Гаура-лила
lakshmipriya,personality,jiva-tattva,gaura-lila|consort,,,Лакшмиприя,,,ГГД 44,verified,Гаура-ганоддеша-дипика · Гаура-лила
lalita,personality,shakti-tattva,krishna-lila|gopi,,,Лалита-гопи,,identity in Gaura-lila (GGD 151),ГГД 151,review,Гаура-ганоддеша-дипика · Кришна-лила
lila-manjari,personality,shakti-tattva,krishna-lila|manjari,,,Лила-манджари,,identity in Gaura-lila (GGD 186),ГГД 186,review,Гаура-ганоддеша-дипика · Кришна-лила
lokanatha-natha,personality,jiva-tattva,gaura-lila|associate,,,Локанатха,,,ГГД 106,review,Гаура-ганоддеша-дипика · Гаура-лила
lokanatha-goswami,personality,jiva-tattva,gaura-lila|associate,,,Локанатха Госвами,,,ГГД 186,verified,Гаура-ганоддеша-дипика · Гаура-лила
madhava-jv,personality,jiva-tattva,gaura-lila|associate,,,Мадхава,,,ГГД 114,verified,Гаура-ганоддеша-дипика · Гаура-лила
madhava-mishra,personality,jiva-tattva,gaura-lila|associate,,,Мадхава Мишра,,,ГГД 56,review,Гаура-ганоддеша-дипика · Гаура-лила
madhava-tirtha,personality,jiva-tattva,madhva-parampara,,,Мадхава Тиртха,,,ГГД 21,review,Гаура-ганоддеша-дипика · Гаура-лила
madhavendra-puri,personality,jiva-tattva,gaudiya|parampara,Madhavendra Puri,Mādhavendra Purī,Мадхавендра Пури,,Rostok premy v linii do Chaitanyi,Ч.-ч. Мадхья 4,verified,Ядро
madhavi-gopi,personality,shakti-tattva,krishna-lila|gopi,,,Мадхави-гопи,,identity in Gaura-lila (GGD 168),ГГД 168,review,Гаура-ганоддеша-дипика · Кришна-лила
madhva,personality,jiva-tattva,vaishnava-acharya|parampara,Madhvacharya,Madhvācārya,Мадхвачарья,Madhva|Anandatirtha,Osnovatel Madhva-sampradai,,verified,Ядро
madhvacharya-gl,personality,jiva-tattva,gaura-lila|associate,,,Мадхвачарья (спутник),,,ГГД 168,verified,Гаура-ганоддеша-дипика · Гаура-лила
madhuvrata,personality,jiva-tattva,krishna-lila|singer,,,Мадхуврата (певец),,identity in Gaura-lila (GGD 139),ГГД 139,review,Гаура-ганоддеша-дипика · Кришна-лила
madhukantha,personality,jiva-tattva,krishna-lila|singer,,,Мадхукантха (певец),,identity in Gaura-lila (GGD 139),ГГД 139,review,Гаура-ганоддеша-дипика · Кришна-лила
madhumati,personality,,krishna-lila|associate,,,Мадхумати-деви,,identity in Gaura-lila (GGD 176),ГГД 176,review,Гаура-ганоддеша-дипика · Кришна-лила
madhurekshana,personality,shakti-tattva,krishna-lila|gopi,,,Мадхурекшана-гопи,,identity in Gaura-lila (GGD 170),ГГД 170,review,Гаура-ганоддеша-дипика · Кришна-лила
maitreya,personality,jiva-tattva,bhagavatam|sage,Maitreya,Maitreya,Майтрея,,Mudrets nastavlyavshiy Viduru,СБ 3,verified,Ядро
makaradhvaja,personality,jiva-tattva,gaura-lila|associate,,,Макарадхваджа,,,ГГД 167,verified,Гаура-ганоддеша-дипика · Гаура-лила
makaradhvajakara,personality,jiva-tattva,gaura-lila|dancer,,,Макарадхваджакара,,,ГГД 140,verified,Гаура-ганоддеша-дипика · Гаура-лила
maladhara,personality,,krishna-lila|associate,,,Маладхара,,identity in Gaura-lila (GGD 143),ГГД 143,review,Гаура-ганоддеша-дипика · Кришна-лила
malini-devi,personality,jiva-tattva,gaura-lila|family,,,Малини-деви,,,ГГД 41,verified,Гаура-ганоддеша-дипика · Гаура-лила
malli-devi,personality,,krishna-lila|associate,,,Малли-деви,,identity in Gaura-lila (GGD 189),ГГД 189,review,Гаура-ганоддеша-дипика · Кришна-лила
manohara,personality,shakti-tattva,krishna-lila|gopi,,,Манохара-гопи,,identity in Gaura-lila (GGD 170),ГГД 170,review,Гаура-ганоддеша-дипика · Кришна-лила
matsya,personality,vishnu-tattva,avatara|lila-avatara,Matsya,Matsya,Матсья,,Lila-avatara; ryba spasshaya Vedy,,verified,Ядро
mahabala,personality,jiva-tattva,krishna-lila|gopa,,,Махабала (пастух),,identity in Gaura-lila (GGD 127),ГГД 127,review,Гаура-ганоддеша-дипика · Кришна-лила
mahabahu,personality,jiva-tattva,krishna-lila|gopa,,,Махабаху (пастух),,identity in Gaura-lila (GGD 128),ГГД 128,review,Гаура-ганоддеша-дипика · Кришна-лила
mahabharata,scripture,,canonical-scripture|itihasa,Mahabharata,Mahābhārata,Махабхарата,,Epos Vyasadevy soderzhashchiy Bhagavad-gitu,,verified,Ядро
mahanidhi,personality,jiva-tattva,madhva-parampara,,,Маханидхи,,,ГГД 21,review,Гаура-ганоддеша-дипика · Гаура-лила
vrishabhanu,personality,jiva-tattva,krishna-lila|king,,,Махараджа Вришабхану,,identity in Gaura-lila (GGD 53),ГГД 53,review,Гаура-ганоддеша-дипика · Кришна-лила
indradyumna,personality,jiva-tattva,krishna-lila|king,,,Махараджа Индрадьюмна,,identity in Gaura-lila (GGD 117),ГГД 117,review,Гаура-ганоддеша-дипика · Кришна-лила
kakudmi,personality,jiva-tattva,krishna-lila|king,,,Махараджа Какудми,,identity in Gaura-lila (GGD 64),ГГД 64,review,Гаура-ганоддеша-дипика · Кришна-лила
pandu,personality,jiva-tattva,krishna-lila|king,,,Махараджа Панду,,identity in Gaura-lila (GGD 121),ГГД 121,review,Гаура-ганоддеша-дипика · Кришна-лила
pariksit,personality,jiva-tattva,bhagavatam,Pariksit Maharaja,Parīkṣit,Махараджа Парикшит,Pariksit,Slushatel Shrimad-Bhagavatam; vnuk Ardzhuny,СБ 1.4-1.19,verified,Ядро
prataparudra,personality,jiva-tattva,gaura-lila|patron,,,Махараджа Пратапарудра,,,ГГД 117,verified,Гаура-ганоддеша-дипика · Гаура-лила
satrajit,personality,jiva-tattva,krishna-lila|king,,,Махараджа Сатраджит,,identity in Gaura-lila (GGD 46),ГГД 46,review,Гаура-ганоддеша-дипика · Кришна-лила
shantanu,personality,jiva-tattva,krishna-lila|king,,,Махараджа Шантану,,identity in Gaura-lila (GGD 68),ГГД 68,review,Гаура-ганоддеша-дипика · Кришна-лила
mahesha-pandit,personality,jiva-tattva,gaura-lila|associate,,,Махеша Пандит,,,ГГД 128,verified,Гаура-ганоддеша-дипика · Гаура-лила
mukunda-dasa-shrikhanda,personality,jiva-tattva,gaura-lila|associate,,,Мукунда дас (Шрикханда),,,ГГД 174,verified,Гаура-ганоддеша-дипика · Гаура-лила
mukunda-datta,personality,jiva-tattva,gaura-lila|singer,,,Мукунда Датта,,,ГГД 139,verified,Гаура-ганоддеша-дипика · Гаура-лила
murari-gupta,personality,jiva-tattva,gaura-lila|associate,,,Мурари Гупта,,,ГГД 90,verified,Гаура-ганоддеша-дипика · Гаура-лила
nagara-purushottama,personality,jiva-tattva,gaura-lila|associate,,,Нагара Пурушоттама,,,ГГД 130,verified,Гаура-ганоддеша-дипика · Гаура-лила
nakula,personality,jiva-tattva,mahabharata|pandava,Nakula,Nakula,Накула,,Chetvyortyy iz Pandavov,,verified,Ядро
nakula-brahmachari,personality,jiva-tattva,gaura-lila|shaktyavesha,,,Накула Брахмачари,,,ГГД 72,verified,Гаура-ганоддеша-дипика · Гаура-лила
nanda,personality,jiva-tattva,vraja|krishna-family|eternal-associate,Nanda Maharaja,Nanda Mahārāja,Нанда Махарадж,,Priyomnyy otets Krishny vo Vrindavane,,verified,Ядро
nandai,personality,jiva-tattva,gaura-lila|servant,,,Нандай,,,ГГД 138,verified,Гаура-ганоддеша-дипика · Гаура-лила
nandimukhi,personality,,krishna-lila|associate,,,Нандимукхи-деви,,identity in Gaura-lila (GGD 171),ГГД 171,review,Гаура-ганоддеша-дипика · Кришна-лила
nandini,personality,jiva-tattva,gaura-lila|associate,,,Нандини,,,ГГД 88,verified,Гаура-ганоддеша-дипика · Гаура-лила
narada,personality,jiva-tattva,shaktyavesha|sage|maha-jana|parampara,Narada Muni,Nārada Muni,Нарада Муни,Narada|Devarshi,Stranstvuyushchiy mudrets; shaktyavesha; makhadzhana; zveno paramparyi,СБ 1.5-6,verified,Ядро
narahari-sarakara-thakur,personality,jiva-tattva,gaura-lila|associate,,,Нарахари Саракара Тхакур,,,ГГД 176,verified,Гаура-ганоддеша-дипика · Гаура-лила
narahari-tirtha,personality,jiva-tattva,madhva-parampara,,,Нарахари Тиртха,,,ГГД 21,review,Гаура-ганоддеша-дипика · Гаура-лила
narayana,personality,vishnu-tattva,vilasa|vaikuntha,Narayana,Nārāyaṇa,Нараяна,Vishnu,Gospod Vaikunthi; ekspansiya Krishny,,verified,Ядро
narayana-vachaspati,personality,jiva-tattva,gaura-lila|associate,,,Нараяна Вачаспати,,,ГГД 167,verified,Гаура-ганоддеша-дипика · Гаура-лила
narayani-devi,personality,jiva-tattva,gaura-lila|associate,,,Нараяни-деви,,,ГГД 42,verified,Гаура-ганоддеша-дипика · Гаура-лила
narottama-dasa-thakura,personality,jiva-tattva,gaudiya|acharya,Narottama dasa Thakura,Narottama dāsa Ṭhākura,Нароттама дас Тхакур,,Acharya; avtor bhadzhanov,,verified,Ядро
noi,scripture,,prabhupada-book|gaudiya,The Nectar of Instruction,Upadeśāmṛta,Нектар наставлений,Upadeshamrita,Odinnadtsat stikhov nastavleniy Rupy Gosvami,,verified,Ядро
brs,scripture,,prabhupada-book|gaudiya,The Nectar of Devotion,Bhakti-rasāmṛta-sindhu,Нектар преданности,Bhakti-rasamrita-sindhu,Izlozhenie truda Rupy Gosvami,,verified,Ядро
nilambara-chakravarti,personality,jiva-tattva,gaura-lila|family,,,Ниламбара Чакраварти,,,ГГД 103,verified,Гаура-ганоддеша-дипика · Гаура-лила
nityananda,personality,vishnu-tattva,pancha-tattva|prakasha-vilasa,Nityananda Prabhu,Nityānanda Prabhu,Нитьянанда Прабху,Nitai,Balarama v lile Chaitanyi,Ч.-ч. Ади 5,verified,Ядро
nrisimha,personality,vishnu-tattva,avatara|lila-avatara,Nrisimha,Nṛsiṁha,Нрисимха,Narasimha|Nrihari,Lila-avatara; zashchitnik Prahlady,СБ 7.8,verified,Ядро
nrisimha-tirtha,personality,jiva-tattva,gaura-lila|sannyasi,,,Нрисимха Тиртха,,,ГГД 98,review,Гаура-ганоддеша-дипика · Гаура-лила
nrisimhananda-tirtha,personality,jiva-tattva,gaura-lila|sannyasi,,,Нрисимхананда Тиртха,,,ГГД 98,review,Гаура-ганоддеша-дипика · Гаура-лила
padmavati,personality,jiva-tattva,gaura-lila|family,,,Падмавати,,,ГГД 39,review,Гаура-ганоддеша-дипика · Гаура-лила
padmanabha-tirtha,personality,jiva-tattva,madhva-parampara,,,Падманабха Тиртха,,,ГГД 21,review,Гаура-ганоддеша-дипика · Гаура-лила
payoda,personality,jiva-tattva,krishna-lila|gopa,,,Пайода (пастух),,identity in Gaura-lila (GGD 138),ГГД 138,review,Гаура-ганоддеша-дипика · Кришна-лила
pali-devi,personality,shakti-tattva,krishna-lila|gopi,,,Пали-деви (гопи),,identity in Gaura-lila (GGD 157),ГГД 157,review,Гаура-ганоддеша-дипика · Кришна-лила
parananda-gupta,personality,jiva-tattva,gaura-lila|associate,,,Парамананда Гупта,,,ГГД 193,review,Гаура-ганоддеша-дипика · Гаура-лила
paramananda-puri,personality,jiva-tattva,gaura-lila|sannyasi,,,Парамананда Пури,,,ГГД 117,verified,Гаура-ганоддеша-дипика · Гаура-лила
parameshvara-dasa,personality,jiva-tattva,gaura-lila|associate,,,Парамешвара дас,,,ГГД 131,verified,Гаура-ганоддеша-дипика · Гаура-лила
parashurama,personality,vishnu-tattva,avatara|shaktyavesha,Parashurama,Paraśurāma,Парашурама,Bhargava,Voin-brahman; obychno otnositsya k shaktyavesha-avataram,,review,Ядро
parvata-muni,personality,jiva-tattva,krishna-lila|sage,,,Парвата Муни,,identity in Gaura-lila (GGD 89),ГГД 89,review,Гаура-ганоддеша-дипика · Кришна-лила
parjanya,personality,jiva-tattva,krishna-lila|gopa,,,"Парджанья (дед Кришны, гопа)",,identity in Gaura-lila (GGD 34),ГГД 34,review,Гаура-ганоддеша-дипика · Кришна-лила
patraka,personality,jiva-tattva,krishna-lila|servant,,,Патрака (слуга),,identity in Gaura-lila (GGD 137),ГГД 137,review,Гаура-ганоддеша-дипика · Кришна-лила
paurnamasi,personality,,krishna-lila|associate,,,Паурнамаси,,identity in Gaura-lila (GGD 40),ГГД 40,review,Гаура-ганоддеша-дипика · Кришна-лила
pitambara,personality,jiva-tattva,gaura-lila|associate,,,Питамбара,,,ГГД 167,verified,Гаура-ганоддеша-дипика · Гаура-лила
prabala,personality,,krishna-lila|associate,,,Прабала (друг Баларамы),,identity in Gaura-lila (GGD 133),ГГД 133,review,Гаура-ганоддеша-дипика · Кришна-лила
prabodhananda-saraswati-thakur,personality,jiva-tattva,gaura-lila|acharya,,,Прабодхананда Сарасвати,,,ГГД 162,verified,Гаура-ганоддеша-дипика · Гаура-лила
pradyumna,personality,vishnu-tattva,krishna-lila|vishnu-tattva,,,Прадьюмна (Чатур-вьюха),,identity in Gaura-lila (GGD 69),ГГД 69,review,Гаура-ганоддеша-дипика · Кришна-лила
pradyumna-mishra,personality,jiva-tattva,gaura-lila|associate,,,Прадьюмна Мишра,,,ГГД 73,review,Гаура-ганоддеша-дипика · Гаура-лила
prahlada,personality,jiva-tattva,bhagavatam|maha-jana,Prahlada Maharaja,Prahlāda Mahārāja,Прахлада Махарадж,Prahlada,Velikiy predannyy; syn Hiranyakashipu; makhadzhana,СБ 7,verified,Ядро
prema-manjari,personality,shakti-tattva,krishna-lila|manjari,,,Према-манджари,,identity in Gaura-lila (GGD 186),ГГД 186,review,Гаура-ганоддеша-дипика · Кришна-лила
prithu,personality,jiva-tattva,shaktyavesha|king,Prithu,Pṛthu,Притху,,Nadelyonnyy siloy tsar-avatar (shaktyavesha),СБ 4.15-23,verified,Ядро
pundarika-vidyanidhi,personality,jiva-tattva,gaura-lila|associate,,,Пундарика Видьянидхи,,,ГГД 53,verified,Гаура-ганоддеша-дипика · Гаура-лила
pundarikaksha,personality,,krishna-lila|associate,,,Пундарикакша,,identity in Gaura-lila (GGD 115),ГГД 115,review,Гаура-ганоддеша-дипика · Кришна-лила
purandara-acharya,personality,jiva-tattva,gaura-lila|associate,,,Пурандара,,,ГГД 90,verified,Гаура-ганоддеша-дипика · Гаура-лила
puranas,scripture,,canonical-scripture,The Puranas,Purāṇa,Пураны,,Vosemnadtsat osnovnykh Puran,,verified,Ядро
purushottama-dasa,personality,jiva-tattva,gaura-lila|associate,,,Пурушоттама дас,,,ГГД 129,verified,Гаура-ганоддеша-дипика · Гаура-лила
purushottama-tirtha-gl,personality,jiva-tattva,gaura-lila|sannyasi,,,Пурушоттама Тиртха,,,ГГД 98,review,Гаура-ганоддеша-дипика · Гаура-лила
purushottama-tirtha,personality,jiva-tattva,madhva-parampara,,,Пурушоттама Тиртха,,,ГГД 21,review,Гаура-ганоддеша-дипика · Гаура-лила
putana,personality,jiva-tattva,demon|bhagavatam,Putana,Pūtanā,Путана,,Vedma ubitaya mladentsem Krishnoy,СБ 10.6,verified,Ядро
ravana,personality,jiva-tattva,demon|ramayana,Ravana,Rāvaṇa,Равана,,Demon-tsar Lanki,,verified,Ядро
raga-manjari,personality,shakti-tattva,krishna-lila|manjari,,,Рага-манджари,,identity in Gaura-lila (GGD 184),ГГД 184,review,Гаура-ганоддеша-дипика · Кришна-лила
raghava-puri,personality,jiva-tattva,gaura-lila|sannyasi,,,Рагхава,,,ГГД 95,review,Гаура-ганоддеша-дипика · Гаура-лила
raghava-goswami,personality,jiva-tattva,gaura-lila|author,,,Рагхава Госвами,,,ГГД 161,verified,Гаура-ганоддеша-дипика · Гаура-лила
raghava-pandit,personality,jiva-tattva,gaura-lila|associate,,,Рагхава Пандит,,,ГГД 165,verified,Гаура-ганоддеша-дипика · Гаура-лила
raghu-mishra,personality,jiva-tattva,gaura-lila|associate,,,Рагху Мишра,,,ГГД 193,review,Гаура-ганоддеша-дипика · Гаура-лила
raghunandana-thakura,personality,jiva-tattva,gaura-lila|associate,,,Рагхунандана Тхакур,,,ГГД 69,verified,Гаура-ганоддеша-дипика · Гаура-лила
raghunatha-puri,personality,jiva-tattva,gaura-lila|sannyasi,,,Рагхунатха,,,ГГД 95,review,Гаура-ганоддеша-дипика · Гаура-лила
raghunatha-bhatta-goswami,personality,jiva-tattva,gaudiya|six-goswamis,Raghunatha Bhatta Goswami,Raghunātha Bhaṭṭa Gosvāmī,Рагхунатха Бхатта Госвами,,Odin iz Shesti Gosvami,,verified,Ядро
raghunatha-das-goswami,personality,jiva-tattva,gaudiya|six-goswamis,Raghunatha das Goswami,Raghunātha dāsa Gosvāmī,Рагхунатха дас Госвами,,Odin iz Shesti Gosvami; obrazets otrecheniya,,verified,Ядро
raghunatha-dvija,personality,jiva-tattva,gaura-lila|associate,,,Рагхунатха Двиджа,,,ГГД 193,review,Гаура-ганоддеша-дипика · Гаура-лила
rajani-de,personality,jiva-tattva,pl|family,Rajani Devi,,Раджани Деви,,Мать Шрилы Прабхупады,Прабхупада-лиламрита,verified,Прабхупада-лиламрита
rajendra-tirtha,personality,jiva-tattva,madhva-parampara,,,Раджендра Тиртха,,,ГГД 21,review,Гаура-ганоддеша-дипика · Гаура-лила
radharani-de,personality,jiva-tattva,pl|family,Radharani Devi,,Радхарани Деви,,Супруга Прабхупады в семейной жизни,Прабхупада-лиламрита,review,Прабхупада-лиламрита
raktaka,personality,jiva-tattva,krishna-lila|servant,,,Рактака (слуга),,identity in Gaura-lila (GGD 137),ГГД 137,review,Гаура-ганоддеша-дипика · Кришна-лила
rama-dasa,personality,jiva-tattva,gaura-lila|associate,,,Рама дас,,,ГГД 144,verified,Гаура-ганоддеша-дипика · Гаура-лила
rama-pandit,personality,jiva-tattva,gaura-lila|associate,,,Рама Пандит,,,ГГД 89,verified,Гаура-ганоддеша-дипика · Гаура-лила
rama-tirtha,personality,jiva-tattva,gaura-lila|sannyasi,,,Рама Тиртха,,,ГГД 98,review,Гаура-ганоддеша-дипика · Гаура-лила
ramadas-193,personality,jiva-tattva,gaura-lila|associate,,,Рамадас,,,ГГД 193,review,Гаура-ганоддеша-дипика · Гаура-лила
ramadasa-abhirama,personality,jiva-tattva,gaura-lila|associate,,,Рамадаса Абхирама,,,ГГД 125,verified,Гаура-ганоддеша-дипика · Гаура-лила
ramai,personality,jiva-tattva,gaura-lila|servant,,,Рамай,,,ГГД 138,verified,Гаура-ганоддеша-дипика · Гаура-лила
ramananda-vasu,personality,jiva-tattva,gaura-lila|associate,,,Рамананда Васу,,,ГГД 172,verified,Гаура-ганоддеша-дипика · Гаура-лила
ramananda-raya,personality,jiva-tattva,gaudiya|chaitanya-associate,Ramananda Raya,Rāmānanda Rāya,Рамананда Рай,,Blizkiy sputnik; nastavnik Chaitanyi,Ч.-ч. Мадхья 8,verified,Ядро
ramanatha-natha,personality,jiva-tattva,gaura-lila|associate,,,Раманатха,,,ГГД 106,review,Гаура-ганоддеша-дипика · Гаура-лила
rama,personality,vishnu-tattva,avatara|lila-avatara|ramayana,Ramachandra,Rāmacandra,Рамачандра,Rama|Raghunatha|Raghupati,Lila-avatara; geroy Ramayany,,verified,Ядро
ramachandra-puri,personality,jiva-tattva,gaura-lila|sannyasi,,,Рамачандра Пури,,,ГГД 91,review,Гаура-ганоддеша-дипика · Гаура-лила
ramayana,scripture,,canonical-scripture|itihasa,Ramayana,Rāmāyaṇa,Рамаяна,,Epos o Gospode Rame; Valmiki,,verified,Ядро
ramesvara-swami,personality,jiva-tattva,pl|zonal-acharya-1977,Ramesvara Swami,,Рамешвара Свами,,Один из первых инициирующих ачарьев 1977 г.,Прабхупада-лиламрита,review,Прабхупада-лиламрита
rangadevi,personality,shakti-tattva,krishna-lila|gopi,,,Рангадеви-гопи,,identity in Gaura-lila (GGD 164),ГГД 164,review,Гаура-ганоддеша-дипика · Кришна-лила
rasa-manjari,personality,shakti-tattva,krishna-lila|manjari,,,Раса/Рати-манджари (или Бханумати),,identity in Gaura-lila (GGD 185),ГГД 185,review,Гаура-ганоддеша-дипика · Кришна-лила
ratnabahu,personality,jiva-tattva,gaura-lila|family,,,Ратнабаху,,,ГГД 101,review,Гаура-ганоддеша-дипика · Гаура-лила
ratnavali-devi,personality,shakti-tattva,krishna-lila|gopi,,,Ратнавали-деви (гопи),,identity in Gaura-lila (GGD 177),ГГД 177,review,Гаура-ганоддеша-дипика · Кришна-лила
ratnavati-devi,personality,jiva-tattva,gaura-lila|associate,,,Ратнавати-деви,,,ГГД 56,verified,Гаура-ганоддеша-дипика · Гаура-лила
ratnakara-pandit,personality,jiva-tattva,gaura-lila|family,,,Ратнакара Пандит,,,ГГД 101,review,Гаура-ганоддеша-дипика · Гаура-лила
ratnarekha,personality,shakti-tattva,krishna-lila|gopi,,,Ратнарекха-гопи,,identity in Gaura-lila (GGD 166),ГГД 166,review,Гаура-ганоддеша-дипика · Кришна-лила
rayarama-das,personality,jiva-tattva,pl|founding-disciple,Rayarama Das,,Раярама дас,,Ранний ученик; редактор Back to Godhead,Прабхупада-лиламрита,review,Прабхупада-лиламрита
revati,personality,,krishna-lila|associate,,,Ревати-деви (супруга Баларамы),,identity in Gaura-lila (GGD 64),ГГД 64,review,Гаура-ганоддеша-дипика · Кришна-лила
rishabha,personality,vishnu-tattva,avatara|lila-avatara,Rishabhadeva,Ṛṣabhadeva,Ришабхадева,,Lila-avatara; otets Bharaty,СБ 5.3-6,verified,Ядро
rohini,personality,,krishna-lila|associate,,,Рохини,,identity in Gaura-lila (GGD 39),ГГД 39,review,Гаура-ганоддеша-дипика · Кришна-лила
rudra-pandit,personality,jiva-tattva,gaura-lila|associate,,,Рудра Пандит,,,ГГД 134,verified,Гаура-ганоддеша-дипика · Гаура-лила
rukmini,personality,shakti-tattva,krishna-consort|bhagavatam,Rukmini,Rukmiṇī,Рукмини,,Glavnaya tsaritsa Krishny v Dvarake; ekspansiya Lakshmi,СБ 10.52-54,verified,Ядро
rupa-goswami,personality,jiva-tattva,gaudiya|six-goswamis,Rupa Goswami,Rūpa Gosvāmī,Рупа Госвами,,Glava Shesti Gosvami; avtor Bhakti-rasamrita-sindhu,,verified,Ядро
rupa-manjari,personality,shakti-tattva,krishna-lila|manjari,,,Рупа-манджари,,identity in Gaura-lila (GGD 179),ГГД 179,review,Гаура-ганоддеша-дипика · Кришна-лила
rupanuga-das,personality,jiva-tattva,pl|founding-disciple,Rupanuga Das,,Рупануга дас,,Ранний ученик и лидер ИСККОН,Прабхупада-лиламрита,review,Прабхупада-лиламрита
sadashiva-kaviraja,personality,jiva-tattva,gaura-lila|associate,,,Садашива Кавираджа,,,ГГД 155,verified,Гаура-ганоддеша-дипика · Гаура-лила
sanat-kumara,personality,jiva-tattva,shaktyavesha|kumaras|maha-jana,Sanat-kumara,Sanat-kumāra,Санат-кумар,Four Kumaras,Starshiy iz chetyryokh Kumarov; shaktyavesha; makhadzhana,,verified,Ядро
sanatana-goswami,personality,jiva-tattva,gaudiya|six-goswamis,Sanatana Goswami,Sanātana Gosvāmī,Санатана Госвами,,Starshiy iz Shesti Gosvami; avtor Hari-bhakti-vilasy,,verified,Ядро
sanatana-mishra,personality,jiva-tattva,gaura-lila|associate,,,Санатана Мишра,,,ГГД 46,verified,Гаура-ганоддеша-дипика · Гаура-лила
sanjaya,personality,jiva-tattva,mahabharata|gita,Sanjaya,Sañjaya,Санджая,,Pereskazal Gitu Dhritarashtre,Б.-г.,verified,Ядро
sandipani,personality,jiva-tattva,krishna-lila|sage,,,Сандипани Муни,,identity in Gaura-lila (GGD 51),ГГД 51,review,Гаура-ганоддеша-дипика · Кришна-лила
sarvabhauma-bhattacharya,personality,jiva-tattva,gaura-lila|associate,,,Сарвабхаума Бхаттачарья,,,ГГД 118,verified,Гаура-ганоддеша-дипика · Гаура-лила
satyabhama,personality,shakti-tattva,krishna-consort,Satyabhama,Satyabhāmā,Сатьябхама,,Tsaritsa Krishny v Dvarake,,review,Ядро
satyananda-bharati,personality,jiva-tattva,gaura-lila|sannyasi,,,Сатьянанда Бхарати,,,ГГД 98,review,Гаура-ганоддеша-дипика · Гаура-лила
satyaraja,personality,jiva-tattva,gaura-lila|associate,,,Сатьяраджа,,,ГГД 172,verified,Гаура-ганоддеша-дипика · Гаура-лила
sahadeva,personality,jiva-tattva,mahabharata|pandava,Sahadeva,Sahadeva,Сахадева,,Pyatyy iz Pandavov,,verified,Ядро
svarupa-damodara,personality,jiva-tattva,gaudiya|chaitanya-associate,Svarupa Damodara Goswami,Svarūpa Dāmodara Gosvāmī,Сварупа Дамодара Госвами,,Doverennyy sekretar Chaitanyi,,verified,Ядро
svayambhuva-manu,personality,jiva-tattva,manu|maha-jana,Svayambhuva Manu,Svāyambhuva Manu,Сваямбхува Ману,Manu,Pervyy Manu; makhadzhana,,verified,Ядро
sita,personality,shakti-tattva,ramayana,Sita,Sītā,Сита,Janaki|Vaidehi,Supruga Ramy; forma Lakshmi,,verified,Ядро
sita-advaita,personality,jiva-tattva,gaura-lila|consort,,,Сита-деви (супруга Адвайты),,,ГГД 85,verified,Гаура-ганоддеша-дипика · Гаура-лила
sakhi-of-radharani,personality,jiva-tattva,krishna-lila|collective,,,Служанки Шримати Радхарани (стих 193),,,ГГД 193,verified,Гаура-ганоддеша-дипика · Гаура-лила
stokakrishna,personality,jiva-tattva,krishna-lila|gopa,,,Стокакришна (пастух),,identity in Gaura-lila (GGD 129),ГГД 129,review,Гаура-ганоддеша-дипика · Кришна-лила
subala,personality,jiva-tattva,krishna-lila|gopa,,,Субала (пастух),,identity in Gaura-lila (GGD 127),ГГД 127,review,Гаура-ганоддеша-дипика · Кришна-лила
subahu,personality,jiva-tattva,krishna-lila|gopa,,,Субаху (пастух),,identity in Gaura-lila (GGD 128),ГГД 128,review,Гаура-ганоддеша-дипика · Кришна-лила
subuddhi-mishra,personality,jiva-tattva,gaura-lila|associate,,,Субуддхи Мишра,,,ГГД 193,review,Гаура-ганоддеша-дипика · Гаура-лила
subhadra,personality,shakti-tattva,krishna-family,Subhadra,Subhadrā,Субхадра,,Sestra Krishny i Balaramy,,review,Ядро
subhananda-dvija,personality,jiva-tattva,gaura-lila|associate,,,Субхананда Двиджа,,,ГГД 193,review,Гаура-ганоддеша-дипика · Гаура-лила
sugriva,personality,,krishna-lila|associate,,,Сугрива,,identity in Gaura-lila (GGD 90),ГГД 90,review,Гаура-ганоддеша-дипика · Кришна-лила
sudama-brahmana,personality,jiva-tattva,krishna-lila|brahmana,,,Судама (брахман),,identity in Gaura-lila (GGD 113),ГГД 113,review,Гаура-ганоддеша-дипика · Кришна-лила
sudama-gopa,personality,jiva-tattva,krishna-lila|gopa,,,Судама (пастух),,identity in Gaura-lila (GGD 126),ГГД 126,review,Гаура-ганоддеша-дипика · Кришна-лила
sudarshana,personality,jiva-tattva,gaura-lila|associate,,,Сударшана,,,ГГД 52,review,Гаура-ганоддеша-дипика · Гаура-лила
sudevi,personality,shakti-tattva,krishna-lila|gopi,,,Судеви-гопи,,identity in Gaura-lila (GGD 164),ГГД 164,review,Гаура-ганоддеша-дипика · Кришна-лила
sudhakara,personality,,krishna-lila|associate,,,Судхакара (мридангист),,identity in Gaura-lila (GGD 141),ГГД 141,review,Гаура-ганоддеша-дипика · Кришна-лила
sudhanidhi,personality,jiva-tattva,gaura-lila|family,,,Судханидхи,,,ГГД 101,review,Гаура-ганоддеша-дипика · Гаура-лила
sukantha,personality,,krishna-lila|associate,,,Сукантха-деви,,identity in Gaura-lila (GGD 172),ГГД 172,review,Гаура-ганоддеша-дипика · Кришна-лила
sukeshi,personality,shakti-tattva,krishna-lila|gopi,,,Сукеши-гопи,,identity in Gaura-lila (GGD 167),ГГД 167,review,Гаура-ганоддеша-дипика · Кришна-лила
sukhananda-puri,personality,jiva-tattva,gaura-lila|sannyasi,,,Сукхананда,,,ГГД 95,review,Гаура-ганоддеша-дипика · Гаура-лила
sulochana,personality,jiva-tattva,gaura-lila|associate,,,Сулочана,,,ГГД 193,review,Гаура-ганоддеша-дипика · Гаура-лила
sumati-morarji,personality,jiva-tattva,pl|patron,Sumati Morarji,,Сумати Морарджи,,Глава Scindia Steamship; предоставила Прабхупаде место на «Джаладуте» (1965),Прабхупада-лиламрита,verified,Прабхупада-лиламрита
sundara-thakura,personality,jiva-tattva,gaura-lila|associate,,,Сундара Тхакур,,,ГГД 126,verified,Гаура-ганоддеша-дипика · Гаура-лила
surya,personality,jiva-tattva,demigod,Surya,Sūrya,Сурья,Vivasvan,Bog Solntsa; pervym poluchil Gitu,Б.-г. 4.1,verified,Ядро
surya-das,personality,jiva-tattva,gaura-lila|associate,,,Сурья-дас,,,ГГД 64,verified,Гаура-ганоддеша-дипика · Гаура-лила
taraka-devi,personality,shakti-tattva,krishna-lila|gopi,,,Тарака-деви (гопи),,identity in Gaura-lila (GGD 157),ГГД 157,review,Гаура-ганоддеша-дипика · Кришна-лила
tungavidya,personality,shakti-tattva,krishna-lila|gopi,,,Тунгавидья-гопи,,identity in Gaura-lila (GGD 162),ГГД 162,review,Гаура-ганоддеша-дипика · Кришна-лила
tungavidya2,personality,shakti-tattva,krishna-lila|gopi,,,Тунгавидья-гопи,,identity in Gaura-lila (GGD 169),ГГД 169,review,Гаура-ганоддеша-дипика · Кришна-лила
uddhava,personality,jiva-tattva,krishna-associate|bhagavatam,Uddhava,Uddhava,Уддхава,,Blizkiy drug Krishny,СБ 3.4; 11.6-29,verified,Ядро
uddharana-datta,personality,jiva-tattva,gaura-lila|associate,,,Уддхарана Датта,,,ГГД 128,verified,Гаура-ганоддеша-дипика · Гаура-лила
upanishads,scripture,,canonical-scripture,The Upanishads,Upaniṣad,Упанишады,,Filosofskie razdely Ved,,verified,Ядро
upendra-mishra,personality,jiva-tattva,gaura-lila|family,,,Упендра Мишра,,,ГГД 34,verified,Гаура-ганоддеша-дипика · Гаура-лила
tlc,scripture,,prabhupada-book|gaudiya,Teachings of Lord Chaitanya,Teachings of Lord Caitanya,Учение Шри Чайтаньи,,Izlozhenie po Chaitanya-charitamrite,,verified,Ядро
krishna-flute,personality,,krishna-lila|associate,,,Флейта Господа Кришны,,identity in Gaura-lila (GGD 178),ГГД 178,review,Гаура-ганоддеша-дипика · Кришна-лила
halayudha-thakura,personality,jiva-tattva,gaura-lila|associate,,,Халаюдха Тхакур,,,ГГД 133,verified,Гаура-ганоддеша-дипика · Гаура-лила
hansadutta-das,personality,jiva-tattva,pl|zonal-acharya-1977,Hansadutta,,Хамсадутта,,Один из первых инициирующих ачарьев 1977 г.,Прабхупада-лиламрита,review,Прабхупада-лиламрита
hanuman,personality,jiva-tattva,ramayana|maha-jana,Hanuman,Hanumān,Хануман,Bajrangabali|Anjaneya,Velikiy predannyy Ramy,,verified,Ядро
hari-acharya,personality,jiva-tattva,gaura-lila|associate,,,Хари Ачарья,,,ГГД 193,review,Гаура-ганоддеша-дипика · Гаура-лила
hbv,scripture,,gaudiya,Hari-bhakti-vilasa,Hari-bhakti-vilāsa,Хари-бхакти-виласа,,Vaishnavskoe povedenie; cherez Sanatanu Gosvami,,verified,Ядро
haridasa-thakura,personality,jiva-tattva,gaudiya|namacharya,Haridasa Thakura,Haridāsa Ṭhākura,Харидас Тхакур,Namacharya,Acharya svyatogo imeni,,verified,Ядро
haridasa-servant,personality,jiva-tattva,gaura-lila|servant,,,Харидаса,,,ГГД 137,verified,Гаура-ганоддеша-дипика · Гаура-лила
harikesa-swami,personality,jiva-tattva,pl|zonal-acharya-1977,Harikesa Swami,,Харикеша Свами,,Один из первых инициирующих ачарьев 1977 г.,Прабхупада-лиламрита,review,Прабхупада-лиламрита
hastigopala,personality,jiva-tattva,gaura-lila|associate,,,Хастигопала,,,ГГД 193,review,Гаура-ганоддеша-дипика · Гаура-лила
hayagriva-das,personality,jiva-tattva,pl|founding-disciple,Hayagriva Das,,Хаягрива дас,,Ранний ученик; помогал редактировать книги,Прабхупада-лиламрита,verified,Прабхупада-лиламрита
hiranyakashipu,personality,jiva-tattva,demon|bhagavatam,Hiranyakashipu,Hiraṇyakaśipu,Хираньякашипу,,Demon-otets Prahlady,СБ 7,verified,Ядро
hiranyaksha,personality,jiva-tattva,demon|bhagavatam,Hiranyaksha,Hiraṇyākṣa,Хираньякша,,Demon ubityy Varahoy,СБ 3.17-19,verified,Ядро
chaitanya-dasa,personality,jiva-tattva,gaura-lila|associate,,,Чайтанья дас,,,ГГД 144,verified,Гаура-ганоддеша-дипика · Гаура-лила
cb,scripture,,gaudiya,Caitanya-bhagavata,Caitanya-bhāgavata,Чайтанья-бхагавата,,Rannyaya biografiya Chaitanyi,,verified,Ядро
champakalata,personality,shakti-tattva,krishna-lila|gopi,,,Чампакалата-гопи,,identity in Gaura-lila (GGD 161),ГГД 161,review,Гаура-ганоддеша-дипика · Кришна-лила
chandra,personality,jiva-tattva,demigod,Chandra,Candra,Чандра,Soma,Bog Luny,,review,Ядро
chandravali,personality,shakti-tattva,krishna-lila|gopi,,,Чандравали-гопи,,identity in Gaura-lila (GGD 155),ГГД 155,review,Гаура-ганоддеша-дипика · Кришна-лила
chandrakanti,personality,shakti-tattva,krishna-lila|gopi,,,Чандраканти-деви и Пурнананда-гопи,,identity in Gaura-lila (GGD 153),ГГД 153,review,Гаура-ганоддеша-дипика · Кришна-лила
chandramukha,personality,jiva-tattva,krishna-lila|dancer,,,Чандрамукха (танцор),,identity in Gaura-lila (GGD 140),ГГД 140,review,Гаура-ганоддеша-дипика · Кришна-лила
chandrahasa,personality,jiva-tattva,krishna-lila|dancer,,,Чандрахаса (танцор),,identity in Gaura-lila (GGD 142),ГГД 142,review,Гаура-ганоддеша-дипика · Кришна-лила
chandrashekhara-acharya,personality,jiva-tattva,gaura-lila|associate,,,Чандрашекхара Ачарья,,,ГГД 111,verified,Гаура-ганоддеша-дипика · Гаура-лила
four-kumaras,personality,jiva-tattva,krishna-lila|collective,,,Четыре Кумара,,,ГГД 106,verified,Гаура-ганоддеша-дипика · Гаура-лила
chidananda-tirtha,personality,jiva-tattva,gaura-lila|sannyasi,,,Чидананда Тиртха,,,ГГД 98,review,Гаура-ганоддеша-дипика · Гаура-лила
chiranjiva,personality,jiva-tattva,gaura-lila|associate,,,Чиранджива,,,ГГД 193,review,Гаура-ганоддеша-дипика · Гаура-лила
chitra-devi,personality,shakti-tattva,krishna-lila|gopi,,,Читра-деви (гопи),,identity in Gaura-lila (GGD 160),ГГД 160,review,Гаура-ганоддеша-дипика · Кришна-лила
chitrani,personality,shakti-tattva,krishna-lila|gopi,,,Читрани-гопи,,identity in Gaura-lila (GGD 170),ГГД 170,review,Гаура-ганоддеша-дипика · Кришна-лила
shaibya,personality,shakti-tattva,krishna-lila|gopi,,,Шайбья-гопи и Сарасвати,,identity in Gaura-lila (GGD 158),ГГД 158,review,Гаура-ганоддеша-дипика · Кришна-лила
shankara-ghosha,personality,jiva-tattva,gaura-lila|musician,,,Шанкара Гхош,,,ГГД 141,verified,Гаура-ганоддеша-дипика · Гаура-лила
shankara-pandit,personality,jiva-tattva,gaura-lila|associate,,,Шанкара Пандит,,,ГГД 156,verified,Гаура-ганоддеша-дипика · Гаура-лила
sharanga-thakura,personality,jiva-tattva,gaura-lila|associate,,,Шаранга Тхакур,,,ГГД 171,review,Гаура-ганоддеша-дипика · Гаура-лила
shachidevi,personality,jiva-tattva,gaura-lila|family,,,Шачидеви,,,ГГД 36,verified,Гаура-ганоддеша-дипика · Гаура-лила
shashirekha,personality,,krishna-lila|associate,,,Шаширекха-деви,,identity in Gaura-lila (GGD 165),ГГД 165,review,Гаура-ганоддеша-дипика · Кришна-лила
shiva,personality,shiva-tattva,guna-avatara|maha-jana,Shiva,Śiva,Шива,Mahadeva|Shambhu|Rudra|Mahesha,Guna-avatara nevezhestva; ne Vishnu-tattva i ne obychnaya dzhiva,Б.-с. 5.45,verified,Ядро
shivananda-sena,personality,jiva-tattva,gaura-lila|associate,,,Шивананда Сена,,,ГГД 175,verified,Гаура-ганоддеша-дипика · Гаура-лила
shivananda-chakravarti,personality,jiva-tattva,gaura-lila|associate,,,Шивананда Чакраварти,,,ГГД 181,review,Гаура-ганоддеша-дипика · Гаура-лила
vanamali-chitra,personality,jiva-tattva,gaura-lila|associate,,,Шри Ванамали,,,ГГД 160,verified,Гаура-ганоддеша-дипика · Гаура-лила
iso,scripture,,prabhupada-book|upanishad,Sri Isopanisad,Śrī Īśopaniṣad,Шри Ишопанишад,Isopanisad,Vosemnadtsat mantr s kommentariyami,,verified,Ядро
chaitanya,personality,vishnu-tattva,yuga-avatara|svayam-bhagavan|channa-avatara|pancha-tattva|cc,Chaitanya Mahaprabhu,Caitanya Mahāprabhu,Шри Кришна Чайтанья Махапрабху,Gauranga|Gaurahari|Nimai|Vishvambhara|Sachinandana,Sam Krishna v umonastroenii Radharani; skrytyy yuga-avatar Kali,СБ 11.5.32; Ч.-ч. Ади 3,verified,Ядро
shri-madhava-ganga,personality,jiva-tattva,gaura-lila|associate,,,Шри Мадхава,,,ГГД 68,verified,Гаура-ганоддеша-дипика · Гаура-лила
cc,scripture,,prabhupada-book|gaudiya,Sri Chaitanya-charitamrita,Śrī Caitanya-caritāmṛta,Шри Чайтанья-чаритамрита,Chaitanya-charitamrita,Biografiya i ucheniya Chaitanyi; na vedabase.io,,verified,Ядро
shribhadra,personality,shakti-tattva,krishna-lila|gopi,,,Шрибхадра-гопи,,identity in Gaura-lila (GGD 156),ГГД 156,review,Гаура-ганоддеша-дипика · Кришна-лила
srivasa,personality,jiva-tattva,pancha-tattva|shuddha-bhakta,Srivasa Thakura,Śrīvāsa Ṭhākura,Шриваса Тхакур,,Chistyy predannyy (shuddha-bhakta) v Pancha-tattve,Ч.-ч. Ади 7.5,verified,Ядро
shrigarbha,personality,jiva-tattva,gaura-lila|family,,,Шригарбха,,,ГГД 101,review,Гаура-ганоддеша-дипика · Гаура-лила
shridama,personality,jiva-tattva,krishna-lila|gopa,,,Шридама (пастух),,identity in Gaura-lila (GGD 125),ГГД 125,review,Гаура-ганоддеша-дипика · Кришна-лила
shridhara-brahmachari,personality,jiva-tattva,gaura-lila|associate,,,Шридхара Брахмачари,,,ГГД 193,review,Гаура-ганоддеша-дипика · Гаура-лила
shrikanta-sena,personality,jiva-tattva,gaura-lila|associate,,,Шриканта Сена,,,ГГД 173,verified,Гаура-ганоддеша-дипика · Гаура-лила
shrikanthabharana-ananta,personality,jiva-tattva,gaura-lila|associate,,,Шрикантхабхарана Ананта,,,ГГД 193,review,Гаура-ганоддеша-дипика · Гаура-лила
prabhupada,personality,jiva-tattva,gaudiya|founder-acharya|iskcon,A.C. Bhaktivedanta Swami Prabhupada,A.C. Bhaktivedānta Svāmī Prabhupāda,Шрила Прабхупада,Srila Prabhupada|Bhaktivedanta Swami|Abhay Charan,Osnovatel-acharya ISKCON,,verified,Ядро
sb,scripture,,prabhupada-book|purana|bhagavatam,Srimad-Bhagavatam,Śrīmad-Bhāgavatam,Шримад-Бхагаватам,Bhagavata Purana|Bhagavatam,Dvenadtsat pesn; na vedabase.io,,verified,Ядро
radharani,personality,shakti-tattva,hladini-shakti|vraja|cc,Radharani,Rādhārāṇī,Шримати Радхарани,Radha|Radhika|Sri Radha,Vnutrennyaya energiya naslazhdeniya Krishny (khladini-shakti),Ч.-ч. Ади 4,verified,Ядро
shrinatha-natha,personality,jiva-tattva,gaura-lila|associate,,,Шринатха,,,ГГД 106,review,Гаура-ганоддеша-дипика · Гаура-лила
shrinatha-mishra,personality,jiva-tattva,gaura-lila|associate,,,Шринатха Мишра,,,ГГД 170,verified,Гаура-ганоддеша-дипика · Гаура-лила
shrinayana-mishra,personality,jiva-tattva,gaura-lila|associate,,,Шринаяна Мишра,,,ГГД 193,review,Гаура-ганоддеша-дипика · Гаура-лила
shrinidhi,personality,jiva-tattva,gaura-lila|family,,,Шринидхи,,,ГГД 101,review,Гаура-ганоддеша-дипика · Гаура-лила
shriharsha,personality,jiva-tattva,gaura-lila|associate,,,Шрихарша,,,ГГД 193,review,Гаура-ганоддеша-дипика · Гаура-лила
sukadeva,personality,jiva-tattva,bhagavatam|sage,Shukadeva Goswami,Śukadeva Gosvāmī,Шукадева Госвами,Suka,Rasskazchik Shrimad-Bhagavatam Parikshitu; syn Vyasy,СБ 1.2,verified,Ядро
shuklambara-brahmachari,personality,jiva-tattva,gaura-lila|associate,,,Шукламбара Брахмачари,,,ГГД 190,verified,Гаура-ганоддеша-дипика · Гаура-лила
shyamasundara-das,personality,jiva-tattva,pl|founding-disciple,Shyamasundara Das,,Шьямасундара дас,,Ранний ученик; личный слуга Прабхупады,Прабхупада-лиламрита,verified,Прабхупада-лиламрита
yudhishthira,personality,jiva-tattva,mahabharata|pandava,Yudhishthira,Yudhiṣṭhira,Юдхиштхира,Dharmaraja,Starshiy iz Pandavov,,verified,Ядро
yajna-patni,personality,,krishna-lila|associate,,,Ягья-патни,,identity in Gaura-lila (GGD 190),ГГД 190,review,Гаура-ганоддеша-дипика · Кришна-лила
yamaraja,personality,jiva-tattva,demigod|maha-jana,Yamaraja,Yamarāja,Ямараджа,Dharmaraja|Yama,Vladyka smerti; makhadzhana,,verified,Ядро
yashoda,personality,jiva-tattva,vraja|krishna-family|eternal-associate,Yashoda,Yaśodā,Яшода,,Priyomnaya mat Krishny vo Vrindavane,,verified,Ядро
