from_id,relation,to_id,dataset
balarama,expansion-of,krishna,Ядро
vishnu,expansion-of,krishna,Ядро
narayana,expansion-of,krishna,Ядро
nityananda,expansion-of,balarama,Ядро
subhadra,sister-of,krishna,Ядро
rama,avatar-of,krishna,Ядро
nrisimha,avatar-of,krishna,Ядро
varaha,avatar-of,krishna,Ядро
vamana,avatar-of,krishna,Ядро
kurma,avatar-of,krishna,Ядро
matsya,avatar-of,krishna,Ядро
kalki,avatar-of,krishna,Ядро
buddha,avatar-of,krishna,Ядро
kapila,avatar-of,krishna,Ядро
parashurama,avatar-of,krishna,Ядро
rishabha,avatar-of,krishna,Ядро
chaitanya,avatar-of,krishna,Ядро
advaita,avatar-of,krishna,Ядро
vyasadeva,shaktyavesha-of,krishna,Ядро
prithu,shaktyavesha-of,krishna,Ядро
narada,shaktyavesha-of,krishna,Ядро
sanat-kumara,shaktyavesha-of,krishna,Ядро
krishna,son-of,vasudeva,Ядро
krishna,son-of,devaki,Ядро
krishna,foster-son-of,nanda,Ядро
krishna,foster-son-of,yashoda,Ядро
balarama,son-of,vasudeva,Ядро
kamsa,brother-of,devaki,Ядро
rukmini,wife-of,krishna,Ядро
satyabhama,wife-of,krishna,Ядро
sita,wife-of,rama,Ядро
subhadra,wife-of,arjuna,Ядро
arjuna,son-of,kunti,Ядро
yudhishthira,son-of,kunti,Ядро
bhima,son-of,kunti,Ядро
arjuna,brother-of,yudhishthira,Ядро
arjuna,brother-of,bhima,Ядро
nakula,brother-of,arjuna,Ядро
sahadeva,brother-of,arjuna,Ядро
draupadi,wife-of,arjuna,Ядро
abhimanyu,son-of,arjuna,Ядро
abhimanyu,son-of,subhadra,Ядро
pariksit,grandson-of,arjuna,Ядро
duryodhana,son-of,dhritarashtra,Ядро
prahlada,son-of,hiranyakashipu,Ядро
kapila,son-of,kashyapa,Ядро
sukadeva,son-of,vyasadeva,Ядро
sanat-kumara,son-of,brahma,Ядро
narada,son-of,brahma,Ядро
chaitanya,disciple-of,ishvara-puri,Ядро
ishvara-puri,disciple-of,madhavendra-puri,Ядро
nityananda,associate-of,chaitanya,Ядро
advaita,associate-of,chaitanya,Ядро
gadadhara,associate-of,chaitanya,Ядро
srivasa,associate-of,chaitanya,Ядро
svarupa-damodara,associate-of,chaitanya,Ядро
ramananda-raya,associate-of,chaitanya,Ядро
haridasa-thakura,associate-of,chaitanya,Ядро
sanatana-goswami,disciple-of,chaitanya,Ядро
rupa-goswami,disciple-of,chaitanya,Ядро
rupa-goswami,brother-of,sanatana-goswami,Ядро
jiva-goswami,nephew-of,rupa-goswami,Ядро
jiva-goswami,nephew-of,sanatana-goswami,Ядро
bhaktisiddhanta-sarasvati,son-of,bhaktivinoda-thakura,Ядро
bhaktisiddhanta-sarasvati,disciple-of,gaurakishora-dasa-babaji,Ядро
prabhupada,disciple-of,bhaktisiddhanta-sarasvati,Ядро
vishnujana-swami,disciple-of,prabhupada,Ядро
krishna,speaker-of,bg,Ядро
arjuna,hearer-of,bg,Ядро
sanjaya,narrator-of,bg,Ядро
sukadeva,speaker-of,sb,Ядро
pariksit,hearer-of,sb,Ядро
maitreya,speaker-of,sb,Ядро
vidura,hearer-of,sb,Ядро
vyasadeva,author-of,sb,Ядро
vyasadeva,author-of,mahabharata,Ядро
vyasadeva,author-of,vedanta-sutra,Ядро
krishnadasa-kaviraja,author-of,cc,Ядро
rupa-goswami,author-of,brs,Ядро
rupa-goswami,author-of,noi,Ядро
vrindavana-dasa-thakura,author-of,cb,Ядро
baladeva-vidyabhushana,author-of,vedanta-sutra,Ядро
prabhupada,author-of,bg,Ядро
prabhupada,author-of,sb,Ядро
prabhupada,author-of,cc,Ядро
prabhupada,author-of,brs,Ядро
prabhupada,author-of,noi,Ядро
prabhupada,author-of,iso,Ядро
prabhupada,author-of,krishna-book,Ядро
prabhupada,author-of,tlc,Ядро
krishna,appears-in,bg,Ядро
krishna,appears-in,sb,Ядро
krishna,appears-in,cc,Ядро
chaitanya,appears-in,cc,Ядро
prahlada,appears-in,sb,Ядро
dhruva,appears-in,sb,Ядро
kunti,appears-in,sb,Ядро
pariksit,appears-in,sb,Ядро
arjuna,appears-in,mahabharata,Ядро
rama,appears-in,ramayana,Ядро
sita,appears-in,ramayana,Ядро
ravana,appears-in,ramayana,Ядро
hanuman,appears-in,ramayana,Ядро
upendra-mishra,gaura-lila-identity,parjanya,Гаура-ганоддеша-дипика
kamalavati-devi,gaura-lila-identity,variyasi-devi,Гаура-ганоддеша-дипика
shachidevi,gaura-lila-identity,yashoda,Гаура-ганоддеша-дипика
jagannatha-mishra,gaura-lila-identity,nanda,Гаура-ганоддеша-дипика
padmavati,gaura-lila-identity,rohini,Гаура-ганоддеша-дипика
govinda-acharya,gaura-lila-identity,paurnamasi,Гаура-ганоддеша-дипика
malini-devi,gaura-lila-identity,ambika-nurse,Гаура-ганоддеша-дипика
narayani-devi,gaura-lila-identity,kilambika,Гаура-ганоддеша-дипика
vallabhacharya-gl,gaura-lila-identity,janaka,Гаура-ганоддеша-дипика
lakshmipriya,gaura-lila-identity,janaki-rukmini,Гаура-ганоддеша-дипика
sanatana-mishra,gaura-lila-identity,satrajit,Гаура-ганоддеша-дипика
vishnupriya,gaura-lila-identity,bhu-devi,Гаура-ганоддеша-дипика
vanamali-acharya,gaura-lila-identity,vishvamitra,Гаура-ганоддеша-дипика
kashinatha,gaura-lila-identity,kulaka,Гаура-ганоддеша-дипика
jagadananda-pandit,gaura-lila-identity,satyabhama,Гаура-ганоддеша-дипика
keshava-bharati,gaura-lila-identity,sandipani,Гаура-ганоддеша-дипика
gangadasa-pandit,gaura-lila-identity,vasishtha,Гаура-ганоддеша-дипика
sudarshana,gaura-lila-identity,vasishtha,Гаура-ганоддеша-дипика
pundarika-vidyanidhi,gaura-lila-identity,vrishabhanu,Гаура-ганоддеша-дипика
madhava-mishra,gaura-lila-identity,vrishabhanu,Гаура-ганоддеша-дипика
ratnavati-devi,gaura-lila-identity,kirtida,Гаура-ганоддеша-дипика
vasudha-devi,gaura-lila-identity,varuni-devi,Гаура-ганоддеша-дипика
jahnavi-devi,gaura-lila-identity,revati,Гаура-ганоддеша-дипика
surya-das,gaura-lila-identity,kakudmi,Гаура-ганоддеша-дипика
vasudha-devi,gaura-lila-identity,ananga-manjari,Гаура-ганоддеша-дипика
virachandra,gaura-lila-identity,kshirodakashayi-vishnu,Гаура-ганоддеша-дипика
ganga-devi,gaura-lila-identity,ganga,Гаура-ганоддеша-дипика
shri-madhava-ganga,gaura-lila-identity,shantanu,Гаура-ганоддеша-дипика
raghunandana-thakura,gaura-lila-identity,pradyumna,Гаура-ганоддеша-дипика
vakreshvara-pandit,gaura-lila-identity,aniruddha,Гаура-ганоддеша-дипика
nakula-brahmachari,gaura-lila-identity,chaitanya,Гаура-ганоддеша-дипика
pradyumna-mishra,gaura-lila-identity,chaitanya,Гаура-ганоддеша-дипика
bhagavan-acharya,gaura-lila-identity,chaitanya,Гаура-ганоддеша-дипика
gopinatha-acharya,gaura-lila-identity,brahma,Гаура-ганоддеша-дипика
kuvera-pandit,gaura-lila-identity,kuvera,Гаура-ганоддеша-дипика
sita-advaita,gaura-lila-identity,yogamaya,Гаура-ганоддеша-дипика
achyutananda,gaura-lila-identity,karttikeya,Гаура-ганоддеша-дипика
nandini,gaura-lila-identity,jaya,Гаура-ганоддеша-дипика
jangali,gaura-lila-identity,vijaya,Гаура-ганоддеша-дипика
srivasa,gaura-lila-identity,narada,Гаура-ганоддеша-дипика
rama-pandit,gaura-lila-identity,parvata-muni,Гаура-ганоддеша-дипика
murari-gupta,gaura-lila-identity,hanuman,Гаура-ганоддеша-дипика
purandara-acharya,gaura-lila-identity,angada,Гаура-ганоддеша-дипика
govindananda,gaura-lila-identity,sugriva,Гаура-ганоддеша-дипика
ramachandra-puri,gaura-lila-identity,vibhishana,Гаура-ганоддеша-дипика
haridasa-thakura,gaura-lila-identity,prahlada,Гаура-ганоддеша-дипика
nilambara-chakravarti,gaura-lila-identity,garga-muni,Гаура-ганоддеша-дипика
devananda-pandit,gaura-lila-identity,bhaguri-muni,Гаура-ганоддеша-дипика
vrindavana-dasa-thakura,gaura-lila-identity,vyasadeva,Гаура-ганоддеша-дипика
vallabha-bhatta,gaura-lila-identity,sukadeva,Гаура-ганоддеша-дипика
jagannatha-acharya,gaura-lila-identity,durvasa,Гаура-ганоддеша-дипика
chandrashekhara-acharya,gaura-lila-identity,chandra,Гаура-ганоддеша-дипика
vishveshvara-acharya,gaura-lila-identity,surya,Гаура-ганоддеша-дипика
bhaskara-thakura,gaura-lila-identity,vishvakarma,Гаура-ганоддеша-дипика
vanamali-thakura,gaura-lila-identity,sudama-brahmana,Гаура-ганоддеша-дипика
jagannatha-jv,gaura-lila-identity,jaya,Гаура-ганоддеша-дипика
madhava-jv,gaura-lila-identity,vijaya,Гаура-ганоддеша-дипика
govinda-pk,gaura-lila-identity,pundarikaksha,Гаура-ганоддеша-дипика
garuda-kumuda,gaura-lila-identity,kumuda,Гаура-ганоддеша-дипика
garuda-pandit,gaura-lila-identity,garuda,Гаура-ганоддеша-дипика
gopinatha-simha,gaura-lila-identity,akrura,Гаура-ганоддеша-дипика
paramananda-puri,gaura-lila-identity,uddhava,Гаура-ганоддеша-дипика
prataparudra,gaura-lila-identity,indradyumna,Гаура-ганоддеша-дипика
sarvabhauma-bhattacharya,gaura-lila-identity,brihaspati,Гаура-ганоддеша-дипика
ramananda-raya,gaura-lila-identity,arjuna,Гаура-ганоддеша-дипика
bhavananda-raya,gaura-lila-identity,pandu,Гаура-ганоддеша-дипика
ramadasa-abhirama,gaura-lila-identity,shridama,Гаура-ганоддеша-дипика
sundara-thakura,gaura-lila-identity,sudama-gopa,Гаура-ганоддеша-дипика
dhananjaya-pandit,gaura-lila-identity,vasudama,Гаура-ганоддеша-дипика
gauridasa-pandit,gaura-lila-identity,subala,Гаура-ганоддеша-дипика
kamalakara-pippalai,gaura-lila-identity,mahabala,Гаура-ганоддеша-дипика
uddharana-datta,gaura-lila-identity,subahu,Гаура-ганоддеша-дипика
mahesha-pandit,gaura-lila-identity,mahabahu,Гаура-ганоддеша-дипика
purushottama-dasa,gaura-lila-identity,stokakrishna,Гаура-ганоддеша-дипика
nagara-purushottama,gaura-lila-identity,dama-gopa,Гаура-ганоддеша-дипика
parameshvara-dasa,gaura-lila-identity,arjuna-gopa,Гаура-ганоддеша-дипика
kalakrishna-dasa,gaura-lila-identity,lavanga-gopa,Гаура-ганоддеша-дипика
kholavecha-shridhara,gaura-lila-identity,kusumashava,Гаура-ганоддеша-дипика
halayudha-thakura,gaura-lila-identity,prabala,Гаура-ганоддеша-дипика
rudra-pandit,gaura-lila-identity,varuthapa,Гаура-ганоддеша-дипика
kumudananda-pandit,gaura-lila-identity,gandharva-gopa,Гаура-ганоддеша-дипика
kashishvara,gaura-lila-identity,bhringara,Гаура-ганоддеша-дипика
govinda-servant,gaura-lila-identity,bhangura,Гаура-ганоддеша-дипика
haridasa-servant,gaura-lila-identity,raktaka,Гаура-ганоддеша-дипика
brihachchhishu,gaura-lila-identity,patraka,Гаура-ганоддеша-дипика
ramai,gaura-lila-identity,payoda,Гаура-ганоддеша-дипика
nandai,gaura-lila-identity,varida,Гаура-ганоддеша-дипика
mukunda-datta,gaura-lila-identity,madhukantha,Гаура-ганоддеша-дипика
vasudeva-datta,gaura-lila-identity,madhuvrata,Гаура-ганоддеша-дипика
makaradhvajakara,gaura-lila-identity,chandramukha,Гаура-ганоддеша-дипика
shankara-ghosha,gaura-lila-identity,sudhakara,Гаура-ганоддеша-дипика
jagadisha-pandit,gaura-lila-identity,chandrahasa,Гаура-ганоддеша-дипика
vanamala-pandit,gaura-lila-identity,maladhara,Гаура-ганоддеша-дипика
chaitanya-dasa,gaura-lila-identity,daksha-parrot,Гаура-ганоддеша-дипика
rama-dasa,gaura-lila-identity,vichakshana-parrot,Гаура-ганоддеша-дипика
gadadhara,gaura-lila-identity,radharani,Гаура-ганоддеша-дипика
dhruvananda-brahmachari,gaura-lila-identity,lalita,Гаура-ганоддеша-дипика
gadadhara-dasa,gaura-lila-identity,chandrakanti,Гаура-ганоддеша-дипика
sadashiva-kaviraja,gaura-lila-identity,chandravali,Гаура-ганоддеша-дипика
shankara-pandit,gaura-lila-identity,shribhadra,Гаура-ганоддеша-дипика
jagannatha-tp,gaura-lila-identity,taraka-devi,Гаура-ганоддеша-дипика
gopala-tp,gaura-lila-identity,pali-devi,Гаура-ганоддеша-дипика
damodara-pandit,gaura-lila-identity,shaibya,Гаура-ганоддеша-дипика
svarupa-damodara,gaura-lila-identity,vishakha,Гаура-ганоддеша-дипика
vanamali-chitra,gaura-lila-identity,chitra-devi,Гаура-ганоддеша-дипика
raghava-goswami,gaura-lila-identity,champakalata,Гаура-ганоддеша-дипика
prabodhananda-saraswati-thakur,gaura-lila-identity,tungavidya,Гаура-ганоддеша-дипика
krishnadasa-brahmachari,gaura-lila-identity,indulekha,Гаура-ганоддеша-дипика
gadadhara-bhatta,gaura-lila-identity,rangadevi,Гаура-ганоддеша-дипика
ananta-acharya,gaura-lila-identity,sudevi,Гаура-ганоддеша-дипика
kashishvara-goswami,gaura-lila-identity,shashirekha,Гаура-ганоддеша-дипика
raghava-pandit,gaura-lila-identity,dhanishtha,Гаура-ганоддеша-дипика
damayanti-devi,gaura-lila-identity,gunamala,Гаура-ганоддеша-дипика
krishnadas-rr,gaura-lila-identity,ratnarekha,Гаура-ганоддеша-дипика
krishnananda-kv,gaura-lila-identity,kalavati,Гаура-ганоддеша-дипика
narayana-vachaspati,gaura-lila-identity,gauraseni,Гаура-ганоддеша-дипика
pitambara,gaura-lila-identity,kaveri,Гаура-ганоддеша-дипика
makaradhvaja,gaura-lila-identity,sukeshi,Гаура-ганоддеша-дипика
madhvacharya-gl,gaura-lila-identity,madhavi-gopi,Гаура-ганоддеша-дипика
jiva-pandit,gaura-lila-identity,indira-gopi,Гаура-ганоддеша-дипика
vidyavachaspati,gaura-lila-identity,tungavidya2,Гаура-ганоддеша-дипика
balabhadra-bhattacharya,gaura-lila-identity,madhurekshana,Гаура-ганоддеша-дипика
shrinatha-mishra,gaura-lila-identity,chitrani,Гаура-ганоддеша-дипика
kavichandra,gaura-lila-identity,manohara,Гаура-ганоддеша-дипика
sharanga-thakura,gaura-lila-identity,nandimukhi,Гаура-ганоддеша-дипика
ramananda-vasu,gaura-lila-identity,kalakantha,Гаура-ганоддеша-дипика
satyaraja,gaura-lila-identity,sukantha,Гаура-ганоддеша-дипика
shrikanta-sena,gaura-lila-identity,katyayani,Гаура-ганоддеша-дипика
mukunda-dasa-shrikhanda,gaura-lila-identity,vrinda-devi,Гаура-ганоддеша-дипика
shivananda-sena,gaura-lila-identity,vira-devi,Гаура-ганоддеша-дипика
narahari-sarakara-thakur,gaura-lila-identity,madhumati,Гаура-ганоддеша-дипика
gopinatha-acharya-rv,gaura-lila-identity,ratnavali-devi,Гаура-ганоддеша-дипика
vamshi-dasa-thakura,gaura-lila-identity,krishna-flute,Гаура-ганоддеша-дипика
rupa-goswami,gaura-lila-identity,rupa-manjari,Гаура-ганоддеша-дипика
sanatana-goswami,gaura-lila-identity,lavanga-manjari,Гаура-ганоддеша-дипика
shivananda-chakravarti,gaura-lila-identity,lavanga-manjari,Гаура-ганоддеша-дипика
gopala-bhatta-goswami,gaura-lila-identity,ananga-manjari,Гаура-ганоддеша-дипика
raghunatha-bhatta-goswami,gaura-lila-identity,raga-manjari,Гаура-ганоддеша-дипика
raghunatha-das-goswami,gaura-lila-identity,rasa-manjari,Гаура-ганоддеша-дипика
bhugarbha-goswami,gaura-lila-identity,prema-manjari,Гаура-ганоддеша-дипика
lokanatha-goswami,gaura-lila-identity,lila-manjari,Гаура-ганоддеша-дипика
kalidasa,gaura-lila-identity,malli-devi,Гаура-ганоддеша-дипика
shuklambara-brahmachari,gaura-lila-identity,yajna-patni,Гаура-ганоддеша-дипика
kashi-mishra,gaura-lila-identity,kubja,Гаура-ганоддеша-дипика
ananta-puri,gaura-lila-identity,eight-siddhis,Гаура-ганоддеша-дипика
sukhananda-puri,gaura-lila-identity,eight-siddhis,Гаура-ганоддеша-дипика
govinda-puri,gaura-lila-identity,eight-siddhis,Гаура-ганоддеша-дипика
raghunatha-puri,gaura-lila-identity,eight-siddhis,Гаура-ганоддеша-дипика
krishnananda-puri,gaura-lila-identity,eight-siddhis,Гаура-ганоддеша-дипика
keshava-puri,gaura-lila-identity,eight-siddhis,Гаура-ганоддеша-дипика
damodara-puri,gaura-lila-identity,eight-siddhis,Гаура-ганоддеша-дипика
raghava-puri,gaura-lila-identity,eight-siddhis,Гаура-ганоддеша-дипика
nrisimhananda-tirtha,gaura-lila-identity,nine-jayantas,Гаура-ганоддеша-дипика
satyananda-bharati,gaura-lila-identity,nine-jayantas,Гаура-ганоддеша-дипика
nrisimha-tirtha,gaura-lila-identity,nine-jayantas,Гаура-ганоддеша-дипика
chidananda-tirtha,gaura-lila-identity,nine-jayantas,Гаура-ганоддеша-дипика
jagannatha-tirtha,gaura-lila-identity,nine-jayantas,Гаура-ганоддеша-дипика
vasudeva-tirtha,gaura-lila-identity,nine-jayantas,Гаура-ганоддеша-дипика
rama-tirtha,gaura-lila-identity,nine-jayantas,Гаура-ганоддеша-дипика
purushottama-tirtha-gl,gaura-lila-identity,nine-jayantas,Гаура-ганоддеша-дипика
garuda-avadhuta,gaura-lila-identity,nine-jayantas,Гаура-ганоддеша-дипика
shrinidhi,gaura-lila-identity,nine-treasures-kuvera,Гаура-ганоддеша-дипика
shrigarbha,gaura-lila-identity,nine-treasures-kuvera,Гаура-ганоддеша-дипика
kaviratna,gaura-lila-identity,nine-treasures-kuvera,Гаура-ганоддеша-дипика
sudhanidhi,gaura-lila-identity,nine-treasures-kuvera,Гаура-ганоддеша-дипика
vidyanidhi-gl,gaura-lila-identity,nine-treasures-kuvera,Гаура-ганоддеша-дипика
gunanidhi,gaura-lila-identity,nine-treasures-kuvera,Гаура-ганоддеша-дипика
ratnabahu,gaura-lila-identity,nine-treasures-kuvera,Гаура-ганоддеша-дипика
acharyaratna,gaura-lila-identity,nine-treasures-kuvera,Гаура-ганоддеша-дипика
ratnakara-pandit,gaura-lila-identity,nine-treasures-kuvera,Гаура-ганоддеша-дипика
kashinatha-natha,gaura-lila-identity,four-kumaras,Гаура-ганоддеша-дипика
lokanatha-natha,gaura-lila-identity,four-kumaras,Гаура-ганоддеша-дипика
shrinatha-natha,gaura-lila-identity,four-kumaras,Гаура-ганоддеша-дипика
ramanatha-natha,gaura-lila-identity,four-kumaras,Гаура-ганоддеша-дипика
subhananda-dvija,gaura-lila-identity,sakhi-of-radharani,Гаура-ганоддеша-дипика
shridhara-brahmachari,gaura-lila-identity,sakhi-of-radharani,Гаура-ганоддеша-дипика
parananda-gupta,gaura-lila-identity,sakhi-of-radharani,Гаура-ганоддеша-дипика
raghunatha-dvija,gaura-lila-identity,sakhi-of-radharani,Гаура-ганоддеша-дипика
kamshari-sena,gaura-lila-identity,sakhi-of-radharani,Гаура-ганоддеша-дипика
jagannatha-sena,gaura-lila-identity,sakhi-of-radharani,Гаура-ганоддеша-дипика
subuddhi-mishra,gaura-lila-identity,sakhi-of-radharani,Гаура-ганоддеша-дипика
shriharsha,gaura-lila-identity,sakhi-of-radharani,Гаура-ганоддеша-дипика
raghu-mishra,gaura-lila-identity,sakhi-of-radharani,Гаура-ганоддеша-дипика
jitamrita,gaura-lila-identity,sakhi-of-radharani,Гаура-ганоддеша-дипика
bhagavatacharya,gaura-lila-identity,sakhi-of-radharani,Гаура-ганоддеша-дипика
jiva-pandit-vallabha,gaura-lila-identity,sakhi-of-radharani,Гаура-ганоддеша-дипика
vaninatha-dvija,gaura-lila-identity,sakhi-of-radharani,Гаура-ганоддеша-дипика
ishanacharya,gaura-lila-identity,sakhi-of-radharani,Гаура-ганоддеша-дипика
kamala-gl,gaura-lila-identity,sakhi-of-radharani,Гаура-ганоддеша-дипика
lakshminatha-pandit,gaura-lila-identity,sakhi-of-radharani,Гаура-ганоддеша-дипика
ganga-mantri,gaura-lila-identity,sakhi-of-radharani,Гаура-ганоддеша-дипика
jagannatha-mamu,gaura-lila-identity,sakhi-of-radharani,Гаура-ганоддеша-дипика
shrikanthabharana-ananta,gaura-lila-identity,sakhi-of-radharani,Гаура-ганоддеша-дипика
hastigopala,gaura-lila-identity,sakhi-of-radharani,Гаура-ганоддеша-дипика
hari-acharya,gaura-lila-identity,sakhi-of-radharani,Гаура-ганоддеша-дипика
shrinayana-mishra,gaura-lila-identity,sakhi-of-radharani,Гаура-ганоддеша-дипика
kavidatta,gaura-lila-identity,sakhi-of-radharani,Гаура-ганоддеша-дипика
ramadas-193,gaura-lila-identity,sakhi-of-radharani,Гаура-ганоддеша-дипика
chiranjiva,gaura-lila-identity,sakhi-of-radharani,Гаура-ганоддеша-дипика
sulochana,gaura-lila-identity,sakhi-of-radharani,Гаура-ганоддеша-дипика
narada,disciple-of,brahma,Гаура-ганоддеша-дипика
vyasadeva,disciple-of,narada,Гаура-ганоддеша-дипика
madhva,disciple-of,vyasadeva,Гаура-ганоддеша-дипика
padmanabha-tirtha,disciple-of,madhva,Гаура-ганоддеша-дипика
narahari-tirtha,disciple-of,padmanabha-tirtha,Гаура-ганоддеша-дипика
madhava-tirtha,disciple-of,narahari-tirtha,Гаура-ганоддеша-дипика
akshobhya-tirtha,disciple-of,madhava-tirtha,Гаура-ганоддеша-дипика
jayatirtha,disciple-of,akshobhya-tirtha,Гаура-ганоддеша-дипика
jnanasindhu,disciple-of,jayatirtha,Гаура-ганоддеша-дипика
mahanidhi,disciple-of,jnanasindhu,Гаура-ганоддеша-дипика
vidyanidhi-tirtha,disciple-of,mahanidhi,Гаура-ганоддеша-дипика
rajendra-tirtha,disciple-of,vidyanidhi-tirtha,Гаура-ганоддеша-дипика
jayadharma-muni,disciple-of,rajendra-tirtha,Гаура-ганоддеша-дипика
purushottama-tirtha,disciple-of,jayadharma-muni,Гаура-ганоддеша-дипика
vyasatirtha,disciple-of,purushottama-tirtha,Гаура-ганоддеша-дипика
lakshmipati-tirtha,disciple-of,vyasatirtha,Гаура-ганоддеша-дипика
madhavendra-puri,disciple-of,lakshmipati-tirtha,Гаура-ганоддеша-дипика
ishvara-puri,disciple-of,madhavendra-puri,Гаура-ганоддеша-дипика
acyuta-priya-das,disciple-of,radhanath-swami,Гуру ИСККОН (GBC)
advaita-acharya-das,disciple-of,bhakti-tirtha-swami,Гуру ИСККОН (GBC)
adikarta-das,disciple-of,prabhupada,Гуру ИСККОН (GBC)
asita-krishna-swami,disciple-of,tamal-krishna-goswami,Гуру ИСККОН (GBC)
bhakti-anugraha-janardana-swami,disciple-of,gopal-krishna-goswami,Гуру ИСККОН (GBC)
bhakti-asraya-vaisnava-swami,disciple-of,gopal-krishna-goswami,Гуру ИСККОН (GBC)
bhaktivaibhava-swami,disciple-of,prabhupada,Гуру ИСККОН (GBC)
bhakti-bhrnga-govinda-swami,disciple-of,prabhupada,Гуру ИСККОН (GBC)
bhakti-caitanya-swami,disciple-of,prabhupada,Гуру ИСККОН (GBC)
bhakti-carudesna-swami,disciple-of,bhakti-tirtha-swami,Гуру ИСККОН (GBC)
bhakti-dayita-adipurusha-swami,disciple-of,gour-govinda-swami,Гуру ИСККОН (GBC)
bhakti-dhira-damodara-swami,disciple-of,bhakti-tirtha-swami,Гуру ИСККОН (GBC)
bhakti-gaurava-narayan-swami,disciple-of,tamal-krishna-goswami,Гуру ИСККОН (GBC)
bhakti-gauravani-goswami,disciple-of,prabhupada,Гуру ИСККОН (GBC)
bhakti-prabhava-swami,disciple-of,bhakti-charu-swami,Гуру ИСККОН (GBC)
bhakti-prabhupada-vrata-damodara-swami,disciple-of,prabhupada,Гуру ИСККОН (GBC)
bhakti-pran-gopinath-swami,disciple-of,gour-govinda-swami,Гуру ИСККОН (GBC)
bhakti-prema-swami,disciple-of,bhakti-charu-swami,Гуру ИСККОН (GBC)
bhakti-raghava-swami,disciple-of,prabhupada,Гуру ИСККОН (GBC)
bhakti-ratnakara-ambarisa-swami,disciple-of,gopal-krishna-goswami,Гуру ИСККОН (GBC)
bhakti-sundar-goswami,disciple-of,prabhupada,Гуру ИСККОН (GBC)
bhakti-vasudeva-swami,disciple-of,bhakti-tirtha-swami,Гуру ИСККОН (GBC)
bhakti-vijnana-goswami,disciple-of,radhanath-swami,Гуру ИСККОН (GBC)
bhakti-vikasa-swami,disciple-of,prabhupada,Гуру ИСККОН (GBC)
bhakti-vv-narasimha-swami,disciple-of,prabhupada,Гуру ИСККОН (GBC)
bhakti-bhusana-swami,disciple-of,prabhupada,Гуру ИСККОН (GBC)
bhaktimarga-swami,disciple-of,prabhupada,Гуру ИСККОН (GBC)
bhaktipada-goswami,disciple-of,sivarama-swami,Гуру ИСККОН (GBC)
bhurijana-das,disciple-of,prabhupada,Гуру ИСККОН (GBC)
bir-krsna-das-goswami,disciple-of,prabhupada,Гуру ИСККОН (GBC)
caitanya-avatari-das,disciple-of,jayapataka-swami,Гуру ИСККОН (GBC)
caitanya-candra-caran-das,disciple-of,jayapataka-swami,Гуру ИСККОН (GBC)
candra-mukha-swami,disciple-of,hrdayananda-dasa-goswami,Гуру ИСККОН (GBC)
candramauli-swami,disciple-of,prabhupada,Гуру ИСККОН (GBC)
danavir-goswami,disciple-of,prabhupada,Гуру ИСККОН (GBC)
devamrita-swami,disciple-of,prabhupada,Гуру ИСККОН (GBC)
dhanvantari-swami,disciple-of,prabhupada,Гуру ИСККОН (GBC)
dhirasanta-das-goswami,disciple-of,prabhupada,Гуру ИСККОН (GBC)
drutakarma-das,disciple-of,prabhupada,Гуру ИСККОН (GBC)
gauranga-prem-swami,disciple-of,jayapataka-swami,Гуру ИСККОН (GBC)
giridhari-swami,disciple-of,prabhupada,Гуру ИСККОН (GBC)
gopaswami-das,disciple-of,prabhupada,Гуру ИСККОН (GBC)
guru-prasad-swami,disciple-of,prabhupada,Гуру ИСККОН (GBC)
haladhara-swami,disciple-of,gour-govinda-swami,Гуру ИСККОН (GBC)
hanumatpresaka-swami,disciple-of,prabhupada,Гуру ИСККОН (GBC)
harivilas-das,disciple-of,prabhupada,Гуру ИСККОН (GBC)
hrdayananda-dasa-goswami,disciple-of,prabhupada,Гуру ИСККОН (GBC)
indradyumna-swami,disciple-of,prabhupada,Гуру ИСККОН (GBC)
janananda-dasa-goswami,disciple-of,prabhupada,Гуру ИСККОН (GBC)
jayadvaita-swami,disciple-of,prabhupada,Гуру ИСККОН (GBC)
jayapataka-swami,disciple-of,prabhupada,Гуру ИСККОН (GBC)
jivananda-das,disciple-of,prabhupada,Гуру ИСККОН (GBC)
kalakantha-das,disciple-of,prabhupada,Гуру ИСККОН (GBC)
kavicandra-swami,disciple-of,prabhupada,Гуру ИСККОН (GBC)
kesava-bharati-dasa-goswami,disciple-of,prabhupada,Гуру ИСККОН (GBC)
kratu-das,disciple-of,prabhupada,Гуру ИСККОН (GBC)
kripamoya-das,disciple-of,prabhupada,Гуру ИСККОН (GBC)
krsna-ksetra-swami,disciple-of,prabhupada,Гуру ИСККОН (GBC)
lokanath-swami,disciple-of,prabhupada,Гуру ИСККОН (GBC)
madana-mohana-das,disciple-of,mukunda-goswami,Гуру ИСККОН (GBC)
madan-gopal-das,disciple-of,satsvarupa-das-goswami,Гуру ИСККОН (GBC)
madhu-sevita-das,disciple-of,prabhupada,Гуру ИСККОН (GBC)
mahadyuti-swami,disciple-of,prabhupada,Гуру ИСККОН (GBC)
mahaman-das,disciple-of,prabhupada,Гуру ИСККОН (GBC)
mahaprabhu-swami,disciple-of,sivarama-swami,Гуру ИСККОН (GBC)
mahatma-das,disciple-of,prabhupada,Гуру ИСККОН (GBC)
mahavisnu-swami,disciple-of,prabhupada,Гуру ИСККОН (GBC)
mani-bandha-das,disciple-of,niranjana-swami,Гуру ИСККОН (GBC)
manonatha-das,disciple-of,prabhupada,Гуру ИСККОН (GBC)
matsya-avatara-das,disciple-of,prabhupada,Гуру ИСККОН (GBC)
medhavi-das,disciple-of,prabhupada,Гуру ИСККОН (GBC)
narayani-devi-dasi,disciple-of,prabhupada,Гуру ИСККОН (GBC)
navayogendra-swami,disciple-of,prabhupada,Гуру ИСККОН (GBC)
niranjana-swami,disciple-of,prabhupada,Гуру ИСККОН (GBC)
partha-sarathi-das-goswami,disciple-of,prabhupada,Гуру ИСККОН (GBC)
patita-pavana-das,disciple-of,indradyumna-swami,Гуру ИСККОН (GBC)
prabodhananda-saraswati-swami,disciple-of,gopal-krishna-goswami,Гуру ИСККОН (GBC)
prahladananda-swami,disciple-of,prabhupada,Гуру ИСККОН (GBC)
purushatraya-swami,disciple-of,prabhupada,Гуру ИСККОН (GBC)
radhacaran-das,disciple-of,tamal-krishna-goswami,Гуру ИСККОН (GBC)
radha-govinda-das,disciple-of,sivarama-swami,Гуру ИСККОН (GBC)
radha-govinda-swami,disciple-of,prabhupada,Гуру ИСККОН (GBC)
radha-krishna-das,disciple-of,tamal-krishna-goswami,Гуру ИСККОН (GBC)
radhanath-swami,disciple-of,prabhupada,Гуру ИСККОН (GBC)
ravindra-svarupa-das,disciple-of,prabhupada,Гуру ИСККОН (GBC)
revati-raman-das,disciple-of,jayapataka-swami,Гуру ИСККОН (GBC)
romapada-swami,disciple-of,prabhupada,Гуру ИСККОН (GBC)
rtadhvaja-swami,disciple-of,prabhupada,Гуру ИСККОН (GBC)
sacinandana-swami,disciple-of,prabhupada,Гуру ИСККОН (GBC)
samik-rsi-das,disciple-of,prabhupada,Гуру ИСККОН (GBC)
sankarsana-das,disciple-of,prabhupada,Гуру ИСККОН (GBC)
satyadeva-das,disciple-of,prabhupada,Гуру ИСККОН (GBC)
siddhartha-swami,disciple-of,prabhupada,Гуру ИСККОН (GBC)
sikhi-mahiti-das,disciple-of,prabhupada,Гуру ИСККОН (GBC)
sivarama-swami,disciple-of,prabhupada,Гуру ИСККОН (GBC)
smita-krsna-swami,disciple-of,prabhupada,Гуру ИСККОН (GBC)
sridhama-das,disciple-of,prabhupada,Гуру ИСККОН (GBC)
srivas-das,disciple-of,bhakti-tirtha-swami,Гуру ИСККОН (GBC)
subhaga-swami,disciple-of,prabhupada,Гуру ИСККОН (GBC)
sundarananda-das,disciple-of,gour-govinda-swami,Гуру ИСККОН (GBC)
sukadeva-swami,disciple-of,radhanath-swami,Гуру ИСККОН (GBC)
umapati-das,disciple-of,gopal-krishna-goswami,Гуру ИСККОН (GBC)
vaisesika-das,disciple-of,prabhupada,Гуру ИСККОН (GBC)
varsana-swami,disciple-of,prabhupada,Гуру ИСККОН (GBC)
vatsala-das,disciple-of,prabhupada,Гуру ИСККОН (GBC)
vasu-srestha-das,disciple-of,jayapataka-swami,Гуру ИСККОН (GBC)
vedavyasapriya-swami,disciple-of,prabhupada,Гуру ИСККОН (GBC)
virabahu-das,disciple-of,prabhupada,Гуру ИСККОН (GBC)
yadunandana-swami,disciple-of,satsvarupa-das-goswami,Гуру ИСККОН (GBC)
yamunacarya-das-goswami,disciple-of,hrdayananda-dasa-goswami,Гуру ИСККОН (GBC)
bhanu-swami,disciple-of,prabhupada,Гуру ИСККОН (GBC)
ganapati-swami,disciple-of,prabhupada,Гуру ИСККОН (GBC)
giriraja-swami,disciple-of,prabhupada,Гуру ИСККОН (GBC)
mukunda-goswami,disciple-of,prabhupada,Гуру ИСККОН (GBC)
satsvarupa-das-goswami,disciple-of,prabhupada,Гуру ИСККОН (GBC)
vegavan-das,disciple-of,prabhupada,Гуру ИСККОН (GBC)
bhakti-tirtha-swami,disciple-of,prabhupada,Гуру ИСККОН (GBC)
tamal-krishna-goswami,disciple-of,prabhupada,Гуру ИСККОН (GBC)
gopal-krishna-goswami,disciple-of,prabhupada,Гуру ИСККОН (GBC)
gour-govinda-swami,disciple-of,prabhupada,Гуру ИСККОН (GBC)
bhakti-charu-swami,disciple-of,prabhupada,Гуру ИСККОН (GBC)
bhakti-prajnana-keshava,disciple-of,bhaktisiddhanta-sarasvati,Прабхупада-лиламрита
bhakti-rakshak-sridhar,disciple-of,bhaktisiddhanta-sarasvati,Прабхупада-лиламрита
bhakti-hridaya-bon,disciple-of,bhaktisiddhanta-sarasvati,Прабхупада-лиламрита
bhakti-pramode-puri,disciple-of,bhaktisiddhanta-sarasvati,Прабхупада-лиламрита
bhakti-saranga-goswami,disciple-of,bhaktisiddhanta-sarasvati,Прабхупада-лиламрита
akincana-krishnadasa-babaji,disciple-of,bhaktisiddhanta-sarasvati,Прабхупада-лиламрита
bhakti-dayita-madhava,disciple-of,bhaktisiddhanta-sarasvati,Прабхупада-лиламрита
kirtanananda-swami,disciple-of,prabhupada,Прабхупада-лиламрита
bhavananda-das,disciple-of,prabhupada,Прабхупада-лиламрита
hansadutta-das,disciple-of,prabhupada,Прабхупада-лиламрита
ramesvara-swami,disciple-of,prabhupada,Прабхупада-лиламрита
harikesa-swami,disciple-of,prabhupada,Прабхупада-лиламрита
bhagavan-das-acharya,disciple-of,prabhupada,Прабхупада-лиламрита
jayatirtha-das,disciple-of,prabhupada,Прабхупада-лиламрита
shyamasundara-das,disciple-of,prabhupada,Прабхупада-лиламрита
brahmananda-das,disciple-of,prabhupada,Прабхупада-лиламрита
gargamuni-swami,disciple-of,prabhupada,Прабхупада-лиламрита
achyutananda-swami,disciple-of,prabhupada,Прабхупада-лиламрита
hayagriva-das,disciple-of,prabhupada,Прабхупада-лиламрита
rupanuga-das,disciple-of,prabhupada,Прабхупада-лиламрита
rayarama-das,disciple-of,prabhupada,Прабхупада-лиламрита
gurudas,disciple-of,prabhupada,Прабхупада-лиламрита
jadurani-devi-dasi,disciple-of,prabhupada,Прабхупада-лиламрита
govinda-dasi,disciple-of,prabhupada,Прабхупада-лиламрита
prabhupada,son-of,gour-mohan-de,Прабхупада-лиламрита
prabhupada,son-of,rajani-de,Прабхупада-лиламрита
bhakti-prajnana-keshava,godbrother-of,prabhupada,Прабхупада-лиламрита
bhakti-rakshak-sridhar,godbrother-of,prabhupada,Прабхупада-лиламрита
bhakti-hridaya-bon,godbrother-of,prabhupada,Прабхупада-лиламрита
bhakti-pramode-puri,godbrother-of,prabhupada,Прабхупада-лиламрита
bhakti-saranga-goswami,godbrother-of,prabhupada,Прабхупада-лиламрита
akincana-krishnadasa-babaji,godbrother-of,prabhupada,Прабхупада-лиламрита
bhakti-dayita-madhava,godbrother-of,prabhupada,Прабхупада-лиламрита
abhimanyu,appears-in,mahabharata,Книги (appears-in/author)
abhimanyu,appears-in,sb,Книги (appears-in/author)
agni,appears-in,sb,Книги (appears-in/author)
advaita,appears-in,cb,Книги (appears-in/author)
advaita,appears-in,cc,Книги (appears-in/author)
advaita,appears-in,sb,Книги (appears-in/author)
ajamila,appears-in,sb,Книги (appears-in/author)
akincana-krishnadasa-babaji,appears-in,prabhupada-lilamrita,Книги (appears-in/author)
akrura,appears-in,krishna-book,Книги (appears-in/author)
akrura,appears-in,sb,Книги (appears-in/author)
akshobhya-tirtha,appears-in,cb,Книги (appears-in/author)
akshobhya-tirtha,appears-in,cc,Книги (appears-in/author)
akshobhya-tirtha,appears-in,ggd,Книги (appears-in/author)
ambarisa,appears-in,sb,Книги (appears-in/author)
ambika-nurse,appears-in,ggd,Книги (appears-in/author)
ambika-nurse,appears-in,krishna-book,Книги (appears-in/author)
ambika-nurse,appears-in,sb,Книги (appears-in/author)
ananga-manjari,appears-in,ggd,Книги (appears-in/author)
ananga-manjari,appears-in,krishna-book,Книги (appears-in/author)
ananga-manjari,appears-in,sb,Книги (appears-in/author)
ananta-puri,appears-in,cb,Книги (appears-in/author)
ananta-puri,appears-in,cc,Книги (appears-in/author)
ananta-puri,appears-in,ggd,Книги (appears-in/author)
ananta-acharya,appears-in,cb,Книги (appears-in/author)
ananta-acharya,appears-in,cc,Книги (appears-in/author)
ananta-acharya,appears-in,ggd,Книги (appears-in/author)
angada,appears-in,ggd,Книги (appears-in/author)
angada,appears-in,krishna-book,Книги (appears-in/author)
angada,appears-in,sb,Книги (appears-in/author)
aniruddha,appears-in,ggd,Книги (appears-in/author)
aniruddha,appears-in,krishna-book,Книги (appears-in/author)
aniruddha,appears-in,sb,Книги (appears-in/author)
arjuna,appears-in,bg,Книги (appears-in/author)
arjuna,appears-in,sb,Книги (appears-in/author)
arjuna-gopa,appears-in,ggd,Книги (appears-in/author)
arjuna-gopa,appears-in,krishna-book,Книги (appears-in/author)
arjuna-gopa,appears-in,sb,Книги (appears-in/author)
atri,appears-in,sb,Книги (appears-in/author)
acharyaratna,appears-in,cb,Книги (appears-in/author)
acharyaratna,appears-in,cc,Книги (appears-in/author)
acharyaratna,appears-in,ggd,Книги (appears-in/author)
achyutananda,appears-in,cb,Книги (appears-in/author)
achyutananda,appears-in,cc,Книги (appears-in/author)
achyutananda,appears-in,ggd,Книги (appears-in/author)
achyutananda-swami,appears-in,prabhupada-lilamrita,Книги (appears-in/author)
balabhadra-bhattacharya,appears-in,cb,Книги (appears-in/author)
balabhadra-bhattacharya,appears-in,cc,Книги (appears-in/author)
balabhadra-bhattacharya,appears-in,ggd,Книги (appears-in/author)
balarama,appears-in,krishna-book,Книги (appears-in/author)
balarama,appears-in,mahabharata,Книги (appears-in/author)
balarama,appears-in,sb,Книги (appears-in/author)
bali,appears-in,sb,Книги (appears-in/author)
brahma,appears-in,sb,Книги (appears-in/author)
kulaka,appears-in,ggd,Книги (appears-in/author)
kulaka,appears-in,krishna-book,Книги (appears-in/author)
kulaka,appears-in,sb,Книги (appears-in/author)
brahmananda-das,appears-in,prabhupada-lilamrita,Книги (appears-in/author)
brihaspati,appears-in,ggd,Книги (appears-in/author)
brihaspati,appears-in,krishna-book,Книги (appears-in/author)
brihaspati,appears-in,sb,Книги (appears-in/author)
brihachchhishu,appears-in,cb,Книги (appears-in/author)
brihachchhishu,appears-in,cc,Книги (appears-in/author)
brihachchhishu,appears-in,ggd,Книги (appears-in/author)
buddha,appears-in,sb,Книги (appears-in/author)
bhavananda-das,appears-in,prabhupada-lilamrita,Книги (appears-in/author)
bhavananda-raya,appears-in,cb,Книги (appears-in/author)
bhavananda-raya,appears-in,cc,Книги (appears-in/author)
bhavananda-raya,appears-in,ggd,Книги (appears-in/author)
bhagavan-acharya,appears-in,cb,Книги (appears-in/author)
bhagavan-acharya,appears-in,cc,Книги (appears-in/author)
bhagavan-acharya,appears-in,ggd,Книги (appears-in/author)
bhagavan-das-acharya,appears-in,prabhupada-lilamrita,Книги (appears-in/author)
bhagavatacharya,appears-in,cb,Книги (appears-in/author)
bhagavatacharya,appears-in,cc,Книги (appears-in/author)
bhagavatacharya,appears-in,ggd,Книги (appears-in/author)
bhaguri-muni,appears-in,ggd,Книги (appears-in/author)
bhaguri-muni,appears-in,krishna-book,Книги (appears-in/author)
bhaguri-muni,appears-in,sb,Книги (appears-in/author)
bhakti-dayita-madhava,appears-in,prabhupada-lilamrita,Книги (appears-in/author)
bhakti-prajnana-keshava,appears-in,prabhupada-lilamrita,Книги (appears-in/author)
bhakti-pramode-puri,appears-in,prabhupada-lilamrita,Книги (appears-in/author)
bhakti-rakshak-sridhar,appears-in,prabhupada-lilamrita,Книги (appears-in/author)
bhakti-saranga-goswami,appears-in,prabhupada-lilamrita,Книги (appears-in/author)
bhakti-hridaya-bon,appears-in,prabhupada-lilamrita,Книги (appears-in/author)
bhangura,appears-in,ggd,Книги (appears-in/author)
bhangura,appears-in,krishna-book,Книги (appears-in/author)
bhangura,appears-in,sb,Книги (appears-in/author)
bharata-maharaja,appears-in,sb,Книги (appears-in/author)
bhaskara-thakura,appears-in,cb,Книги (appears-in/author)
bhaskara-thakura,appears-in,cc,Книги (appears-in/author)
bhaskara-thakura,appears-in,ggd,Книги (appears-in/author)
bhima,appears-in,bg,Книги (appears-in/author)
bhima,appears-in,mahabharata,Книги (appears-in/author)
bhima,appears-in,sb,Книги (appears-in/author)
bhishma,appears-in,bg,Книги (appears-in/author)
bhishma,appears-in,mahabharata,Книги (appears-in/author)
bhishma,appears-in,sb,Книги (appears-in/author)
bhrigu,appears-in,sb,Книги (appears-in/author)
bhringara,appears-in,ggd,Книги (appears-in/author)
bhringara,appears-in,krishna-book,Книги (appears-in/author)
bhringara,appears-in,sb,Книги (appears-in/author)
bhu-devi,appears-in,ggd,Книги (appears-in/author)
bhu-devi,appears-in,krishna-book,Книги (appears-in/author)
bhu-devi,appears-in,sb,Книги (appears-in/author)
bhugarbha-goswami,appears-in,cb,Книги (appears-in/author)
bhugarbha-goswami,appears-in,cc,Книги (appears-in/author)
bhugarbha-goswami,appears-in,ggd,Книги (appears-in/author)
vakreshvara-pandit,appears-in,cb,Книги (appears-in/author)
vakreshvara-pandit,appears-in,cc,Книги (appears-in/author)
vakreshvara-pandit,appears-in,ggd,Книги (appears-in/author)
vallabha-bhatta,appears-in,cb,Книги (appears-in/author)
vallabha-bhatta,appears-in,cc,Книги (appears-in/author)
vallabha-bhatta,appears-in,ggd,Книги (appears-in/author)
vallabhacharya-gl,appears-in,cb,Книги (appears-in/author)
vallabhacharya-gl,appears-in,cc,Книги (appears-in/author)
vallabhacharya-gl,appears-in,ggd,Книги (appears-in/author)
vamana,appears-in,sb,Книги (appears-in/author)
vamshi-dasa-thakura,appears-in,cb,Книги (appears-in/author)
vamshi-dasa-thakura,appears-in,cc,Книги (appears-in/author)
vamshi-dasa-thakura,appears-in,ggd,Книги (appears-in/author)
vanamala-pandit,appears-in,cb,Книги (appears-in/author)
vanamala-pandit,appears-in,cc,Книги (appears-in/author)
vanamala-pandit,appears-in,ggd,Книги (appears-in/author)
vanamali-acharya,appears-in,cb,Книги (appears-in/author)
vanamali-acharya,appears-in,cc,Книги (appears-in/author)
vanamali-acharya,appears-in,ggd,Книги (appears-in/author)
vanamali-thakura,appears-in,cb,Книги (appears-in/author)
vanamali-thakura,appears-in,cc,Книги (appears-in/author)
vanamali-thakura,appears-in,ggd,Книги (appears-in/author)
vaninatha-dvija,appears-in,cb,Книги (appears-in/author)
vaninatha-dvija,appears-in,cc,Книги (appears-in/author)
vaninatha-dvija,appears-in,ggd,Книги (appears-in/author)
varaha,appears-in,sb,Книги (appears-in/author)
varida,appears-in,ggd,Книги (appears-in/author)
varida,appears-in,krishna-book,Книги (appears-in/author)
varida,appears-in,sb,Книги (appears-in/author)
variyasi-devi,appears-in,ggd,Книги (appears-in/author)
variyasi-devi,appears-in,krishna-book,Книги (appears-in/author)
variyasi-devi,appears-in,sb,Книги (appears-in/author)
varuna,appears-in,sb,Книги (appears-in/author)
varuni-devi,appears-in,ggd,Книги (appears-in/author)
varuni-devi,appears-in,krishna-book,Книги (appears-in/author)
varuni-devi,appears-in,sb,Книги (appears-in/author)
varuthapa,appears-in,ggd,Книги (appears-in/author)
varuthapa,appears-in,krishna-book,Книги (appears-in/author)
varuthapa,appears-in,sb,Книги (appears-in/author)
vasishtha,appears-in,sb,Книги (appears-in/author)
vasudama,appears-in,ggd,Книги (appears-in/author)
vasudama,appears-in,krishna-book,Книги (appears-in/author)
vasudama,appears-in,sb,Книги (appears-in/author)
vasudeva,appears-in,krishna-book,Книги (appears-in/author)
vasudeva,appears-in,sb,Книги (appears-in/author)
vasudeva-datta,appears-in,cb,Книги (appears-in/author)
vasudeva-datta,appears-in,cc,Книги (appears-in/author)
vasudeva-datta,appears-in,ggd,Книги (appears-in/author)
vasudeva-tirtha,appears-in,cb,Книги (appears-in/author)
vasudeva-tirtha,appears-in,cc,Книги (appears-in/author)
vasudeva-tirtha,appears-in,ggd,Книги (appears-in/author)
vasudha-devi,appears-in,cb,Книги (appears-in/author)
vasudha-devi,appears-in,cc,Книги (appears-in/author)
vasudha-devi,appears-in,ggd,Книги (appears-in/author)
vibhishana,appears-in,ggd,Книги (appears-in/author)
vibhishana,appears-in,krishna-book,Книги (appears-in/author)
vibhishana,appears-in,sb,Книги (appears-in/author)
vijaya,appears-in,ggd,Книги (appears-in/author)
vijaya,appears-in,krishna-book,Книги (appears-in/author)
vijaya,appears-in,sb,Книги (appears-in/author)
vidura,appears-in,mahabharata,Книги (appears-in/author)
vidura,appears-in,sb,Книги (appears-in/author)
vidyavachaspati,appears-in,cb,Книги (appears-in/author)
vidyavachaspati,appears-in,cc,Книги (appears-in/author)
vidyavachaspati,appears-in,ggd,Книги (appears-in/author)
vidyanidhi-gl,appears-in,cb,Книги (appears-in/author)
vidyanidhi-gl,appears-in,cc,Книги (appears-in/author)
vidyanidhi-gl,appears-in,ggd,Книги (appears-in/author)
vidyanidhi-tirtha,appears-in,cb,Книги (appears-in/author)
vidyanidhi-tirtha,appears-in,cc,Книги (appears-in/author)
vidyanidhi-tirtha,appears-in,ggd,Книги (appears-in/author)
vira-devi,appears-in,ggd,Книги (appears-in/author)
vira-devi,appears-in,krishna-book,Книги (appears-in/author)
vira-devi,appears-in,sb,Книги (appears-in/author)
virachandra,appears-in,cb,Книги (appears-in/author)
virachandra,appears-in,cc,Книги (appears-in/author)
virachandra,appears-in,ggd,Книги (appears-in/author)
vichakshana-parrot,appears-in,ggd,Книги (appears-in/author)
vichakshana-parrot,appears-in,krishna-book,Книги (appears-in/author)
vichakshana-parrot,appears-in,sb,Книги (appears-in/author)
vishakha,appears-in,ggd,Книги (appears-in/author)
vishakha,appears-in,krishna-book,Книги (appears-in/author)
vishakha,appears-in,sb,Книги (appears-in/author)
vishvakarma,appears-in,ggd,Книги (appears-in/author)
vishvakarma,appears-in,krishna-book,Книги (appears-in/author)
vishvakarma,appears-in,sb,Книги (appears-in/author)
vishvamitra,appears-in,sb,Книги (appears-in/author)
vishveshvara-acharya,appears-in,cb,Книги (appears-in/author)
vishveshvara-acharya,appears-in,cc,Книги (appears-in/author)
vishveshvara-acharya,appears-in,ggd,Книги (appears-in/author)
vishnu,appears-in,bs,Книги (appears-in/author)
vishnu,appears-in,sb,Книги (appears-in/author)
vishnupriya,appears-in,cb,Книги (appears-in/author)
vishnupriya,appears-in,cc,Книги (appears-in/author)
vishnupriya,appears-in,ggd,Книги (appears-in/author)
eight-siddhis,appears-in,cb,Книги (appears-in/author)
eight-siddhis,appears-in,cc,Книги (appears-in/author)
eight-siddhis,appears-in,ggd,Книги (appears-in/author)
vrinda-devi,appears-in,ggd,Книги (appears-in/author)
vrinda-devi,appears-in,krishna-book,Книги (appears-in/author)
vrinda-devi,appears-in,sb,Книги (appears-in/author)
vyasadeva,appears-in,mahabharata,Книги (appears-in/author)
vyasadeva,appears-in,sb,Книги (appears-in/author)
vyasatirtha,appears-in,cb,Книги (appears-in/author)
vyasatirtha,appears-in,cc,Книги (appears-in/author)
vyasatirtha,appears-in,ggd,Книги (appears-in/author)
gadadhara-bhatta,appears-in,cb,Книги (appears-in/author)
gadadhara-bhatta,appears-in,cc,Книги (appears-in/author)
gadadhara-bhatta,appears-in,ggd,Книги (appears-in/author)
gadadhara-dasa,appears-in,cb,Книги (appears-in/author)
gadadhara-dasa,appears-in,cc,Книги (appears-in/author)
gadadhara-dasa,appears-in,ggd,Книги (appears-in/author)
gadadhara,appears-in,cb,Книги (appears-in/author)
gadadhara,appears-in,cc,Книги (appears-in/author)
ganga,appears-in,ggd,Книги (appears-in/author)
ganga,appears-in,krishna-book,Книги (appears-in/author)
ganga,appears-in,sb,Книги (appears-in/author)
ganga-devi,appears-in,cb,Книги (appears-in/author)
ganga-devi,appears-in,cc,Книги (appears-in/author)
ganga-devi,appears-in,ggd,Книги (appears-in/author)
ganga-mantri,appears-in,cb,Книги (appears-in/author)
ganga-mantri,appears-in,cc,Книги (appears-in/author)
ganga-mantri,appears-in,ggd,Книги (appears-in/author)
gangadasa-pandit,appears-in,cb,Книги (appears-in/author)
gangadasa-pandit,appears-in,cc,Книги (appears-in/author)
gangadasa-pandit,appears-in,ggd,Книги (appears-in/author)
gandharva-gopa,appears-in,ggd,Книги (appears-in/author)
gandharva-gopa,appears-in,krishna-book,Книги (appears-in/author)
gandharva-gopa,appears-in,sb,Книги (appears-in/author)
ganesha,appears-in,sb,Книги (appears-in/author)
garga-muni,appears-in,ggd,Книги (appears-in/author)
garga-muni,appears-in,krishna-book,Книги (appears-in/author)
garga-muni,appears-in,sb,Книги (appears-in/author)
gargamuni-swami,appears-in,prabhupada-lilamrita,Книги (appears-in/author)
garuda-kumuda,appears-in,cb,Книги (appears-in/author)
garuda-kumuda,appears-in,cc,Книги (appears-in/author)
garuda-kumuda,appears-in,ggd,Книги (appears-in/author)
garuda,appears-in,ggd,Книги (appears-in/author)
garuda,appears-in,krishna-book,Книги (appears-in/author)
garuda,appears-in,sb,Книги (appears-in/author)
garuda-avadhuta,appears-in,cb,Книги (appears-in/author)
garuda-avadhuta,appears-in,cc,Книги (appears-in/author)
garuda-avadhuta,appears-in,ggd,Книги (appears-in/author)
garuda-pandit,appears-in,cb,Книги (appears-in/author)
garuda-pandit,appears-in,cc,Книги (appears-in/author)
garuda-pandit,appears-in,ggd,Книги (appears-in/author)
gauraseni,appears-in,ggd,Книги (appears-in/author)
gauraseni,appears-in,krishna-book,Книги (appears-in/author)
gauraseni,appears-in,sb,Книги (appears-in/author)
gauridasa-pandit,appears-in,cb,Книги (appears-in/author)
gauridasa-pandit,appears-in,cc,Книги (appears-in/author)
gauridasa-pandit,appears-in,ggd,Книги (appears-in/author)
govinda-pk,appears-in,cb,Книги (appears-in/author)
govinda-pk,appears-in,cc,Книги (appears-in/author)
govinda-pk,appears-in,ggd,Книги (appears-in/author)
govinda-servant,appears-in,cb,Книги (appears-in/author)
govinda-servant,appears-in,cc,Книги (appears-in/author)
govinda-servant,appears-in,ggd,Книги (appears-in/author)
govinda-puri,appears-in,cb,Книги (appears-in/author)
govinda-puri,appears-in,cc,Книги (appears-in/author)
govinda-puri,appears-in,ggd,Книги (appears-in/author)
govinda-acharya,appears-in,cb,Книги (appears-in/author)
govinda-acharya,appears-in,cc,Книги (appears-in/author)
govinda-acharya,appears-in,ggd,Книги (appears-in/author)
govinda-dasi,appears-in,prabhupada-lilamrita,Книги (appears-in/author)
govindananda,appears-in,cb,Книги (appears-in/author)
govindananda,appears-in,cc,Книги (appears-in/author)
govindananda,appears-in,ggd,Книги (appears-in/author)
gopala-bhatta-goswami,appears-in,cc,Книги (appears-in/author)
gopala-tp,appears-in,cb,Книги (appears-in/author)
gopala-tp,appears-in,cc,Книги (appears-in/author)
gopala-tp,appears-in,ggd,Книги (appears-in/author)
gopinatha-acharya,appears-in,cb,Книги (appears-in/author)
gopinatha-acharya,appears-in,cc,Книги (appears-in/author)
gopinatha-acharya,appears-in,ggd,Книги (appears-in/author)
gopinatha-acharya-rv,appears-in,cb,Книги (appears-in/author)
gopinatha-acharya-rv,appears-in,cc,Книги (appears-in/author)
gopinatha-acharya-rv,appears-in,ggd,Книги (appears-in/author)
gopinatha-simha,appears-in,cb,Книги (appears-in/author)
gopinatha-simha,appears-in,cc,Книги (appears-in/author)
gopinatha-simha,appears-in,ggd,Книги (appears-in/author)
gour-mohan-de,appears-in,prabhupada-lilamrita,Книги (appears-in/author)
gunamala,appears-in,ggd,Книги (appears-in/author)
gunamala,appears-in,krishna-book,Книги (appears-in/author)
gunamala,appears-in,sb,Книги (appears-in/author)
gunanidhi,appears-in,cb,Книги (appears-in/author)
gunanidhi,appears-in,cc,Книги (appears-in/author)
gunanidhi,appears-in,ggd,Книги (appears-in/author)
gurudas,appears-in,prabhupada-lilamrita,Книги (appears-in/author)
jnanasindhu,appears-in,cb,Книги (appears-in/author)
jnanasindhu,appears-in,cc,Книги (appears-in/author)
jnanasindhu,appears-in,ggd,Книги (appears-in/author)
daksha-parrot,appears-in,ggd,Книги (appears-in/author)
daksha-parrot,appears-in,krishna-book,Книги (appears-in/author)
daksha-parrot,appears-in,sb,Книги (appears-in/author)
dama-gopa,appears-in,ggd,Книги (appears-in/author)
dama-gopa,appears-in,krishna-book,Книги (appears-in/author)
dama-gopa,appears-in,sb,Книги (appears-in/author)
damayanti-devi,appears-in,cb,Книги (appears-in/author)
damayanti-devi,appears-in,cc,Книги (appears-in/author)
damayanti-devi,appears-in,ggd,Книги (appears-in/author)
damodara-puri,appears-in,cb,Книги (appears-in/author)
damodara-puri,appears-in,cc,Книги (appears-in/author)
damodara-puri,appears-in,ggd,Книги (appears-in/author)
damodara-pandit,appears-in,cb,Книги (appears-in/author)
damodara-pandit,appears-in,cc,Книги (appears-in/author)
damodara-pandit,appears-in,ggd,Книги (appears-in/author)
devaki,appears-in,krishna-book,Книги (appears-in/author)
devaki,appears-in,sb,Книги (appears-in/author)
devananda-pandit,appears-in,cb,Книги (appears-in/author)
devananda-pandit,appears-in,cc,Книги (appears-in/author)
devananda-pandit,appears-in,ggd,Книги (appears-in/author)
nine-jayantas,appears-in,cb,Книги (appears-in/author)
nine-jayantas,appears-in,cc,Книги (appears-in/author)
nine-jayantas,appears-in,ggd,Книги (appears-in/author)
nine-treasures-kuvera,appears-in,cb,Книги (appears-in/author)
nine-treasures-kuvera,appears-in,cc,Книги (appears-in/author)
nine-treasures-kuvera,appears-in,ggd,Книги (appears-in/author)
jagadananda-pandit,appears-in,cb,Книги (appears-in/author)
jagadananda-pandit,appears-in,cc,Книги (appears-in/author)
jagadananda-pandit,appears-in,ggd,Книги (appears-in/author)
jagadisha-pandit,appears-in,cb,Книги (appears-in/author)
jagadisha-pandit,appears-in,cc,Книги (appears-in/author)
jagadisha-pandit,appears-in,ggd,Книги (appears-in/author)
jagannatha-jv,appears-in,cb,Книги (appears-in/author)
jagannatha-jv,appears-in,cc,Книги (appears-in/author)
jagannatha-jv,appears-in,ggd,Книги (appears-in/author)
jagannatha-tp,appears-in,cb,Книги (appears-in/author)
jagannatha-tp,appears-in,cc,Книги (appears-in/author)
jagannatha-tp,appears-in,ggd,Книги (appears-in/author)
jagannatha-acharya,appears-in,cb,Книги (appears-in/author)
jagannatha-acharya,appears-in,cc,Книги (appears-in/author)
jagannatha-acharya,appears-in,ggd,Книги (appears-in/author)
jagannatha-mamu,appears-in,cb,Книги (appears-in/author)
jagannatha-mamu,appears-in,cc,Книги (appears-in/author)
jagannatha-mamu,appears-in,ggd,Книги (appears-in/author)
jagannatha-mishra,appears-in,cb,Книги (appears-in/author)
jagannatha-mishra,appears-in,cc,Книги (appears-in/author)
jagannatha-mishra,appears-in,ggd,Книги (appears-in/author)
jagannatha-sena,appears-in,cb,Книги (appears-in/author)
jagannatha-sena,appears-in,cc,Книги (appears-in/author)
jagannatha-sena,appears-in,ggd,Книги (appears-in/author)
jagannatha-tirtha,appears-in,cb,Книги (appears-in/author)
jagannatha-tirtha,appears-in,cc,Книги (appears-in/author)
jagannatha-tirtha,appears-in,ggd,Книги (appears-in/author)
jadurani-devi-dasi,appears-in,prabhupada-lilamrita,Книги (appears-in/author)
janaka,appears-in,sb,Книги (appears-in/author)
janaki-rukmini,appears-in,ggd,Книги (appears-in/author)
janaki-rukmini,appears-in,krishna-book,Книги (appears-in/author)
janaki-rukmini,appears-in,sb,Книги (appears-in/author)
jangali,appears-in,cb,Книги (appears-in/author)
jangali,appears-in,cc,Книги (appears-in/author)
jangali,appears-in,ggd,Книги (appears-in/author)
jahnavi-devi,appears-in,cb,Книги (appears-in/author)
jahnavi-devi,appears-in,cc,Книги (appears-in/author)
jahnavi-devi,appears-in,ggd,Книги (appears-in/author)
jaya,appears-in,ggd,Книги (appears-in/author)
jaya,appears-in,krishna-book,Книги (appears-in/author)
jaya,appears-in,sb,Книги (appears-in/author)
jayadharma-muni,appears-in,cb,Книги (appears-in/author)
jayadharma-muni,appears-in,cc,Книги (appears-in/author)
jayadharma-muni,appears-in,ggd,Книги (appears-in/author)
jayatirtha,appears-in,cb,Книги (appears-in/author)
jayatirtha,appears-in,cc,Книги (appears-in/author)
jayatirtha,appears-in,ggd,Книги (appears-in/author)
jayatirtha-das,appears-in,prabhupada-lilamrita,Книги (appears-in/author)
jiva-goswami,appears-in,cc,Книги (appears-in/author)
jiva-pandit,appears-in,cb,Книги (appears-in/author)
jiva-pandit,appears-in,cc,Книги (appears-in/author)
jiva-pandit,appears-in,ggd,Книги (appears-in/author)
jiva-pandit-vallabha,appears-in,cb,Книги (appears-in/author)
jiva-pandit-vallabha,appears-in,cc,Книги (appears-in/author)
jiva-pandit-vallabha,appears-in,ggd,Книги (appears-in/author)
jitamrita,appears-in,cb,Книги (appears-in/author)
jitamrita,appears-in,cc,Книги (appears-in/author)
jitamrita,appears-in,ggd,Книги (appears-in/author)
draupadi,appears-in,mahabharata,Книги (appears-in/author)
draupadi,appears-in,sb,Книги (appears-in/author)
drona,appears-in,mahabharata,Книги (appears-in/author)
drona,appears-in,sb,Книги (appears-in/author)
durvasa,appears-in,sb,Книги (appears-in/author)
duryodhana,appears-in,mahabharata,Книги (appears-in/author)
duryodhana,appears-in,sb,Книги (appears-in/author)
dhananjaya-pandit,appears-in,cb,Книги (appears-in/author)
dhananjaya-pandit,appears-in,cc,Книги (appears-in/author)
dhananjaya-pandit,appears-in,ggd,Книги (appears-in/author)
dhanishtha,appears-in,ggd,Книги (appears-in/author)
dhanishtha,appears-in,krishna-book,Книги (appears-in/author)
dhanishtha,appears-in,sb,Книги (appears-in/author)
dhritarashtra,appears-in,mahabharata,Книги (appears-in/author)
dhritarashtra,appears-in,sb,Книги (appears-in/author)
dhruvananda-brahmachari,appears-in,cb,Книги (appears-in/author)
dhruvananda-brahmachari,appears-in,cc,Книги (appears-in/author)
dhruvananda-brahmachari,appears-in,ggd,Книги (appears-in/author)
indira-gopi,appears-in,ggd,Книги (appears-in/author)
indira-gopi,appears-in,krishna-book,Книги (appears-in/author)
indira-gopi,appears-in,sb,Книги (appears-in/author)
indra,appears-in,sb,Книги (appears-in/author)
indulekha,appears-in,ggd,Книги (appears-in/author)
indulekha,appears-in,krishna-book,Книги (appears-in/author)
indulekha,appears-in,sb,Книги (appears-in/author)
ishanacharya,appears-in,cb,Книги (appears-in/author)
ishanacharya,appears-in,cc,Книги (appears-in/author)
ishanacharya,appears-in,ggd,Книги (appears-in/author)
ishvara-puri,appears-in,cc,Книги (appears-in/author)
yogamaya,appears-in,ggd,Книги (appears-in/author)
yogamaya,appears-in,krishna-book,Книги (appears-in/author)
yogamaya,appears-in,sb,Книги (appears-in/author)
kaveri,appears-in,ggd,Книги (appears-in/author)
kaveri,appears-in,krishna-book,Книги (appears-in/author)
kaveri,appears-in,sb,Книги (appears-in/author)
kavi-karnapura,appears-in,cb,Книги (appears-in/author)
kavi-karnapura,appears-in,cc,Книги (appears-in/author)
kavidatta,appears-in,cb,Книги (appears-in/author)
kavidatta,appears-in,cc,Книги (appears-in/author)
kavidatta,appears-in,ggd,Книги (appears-in/author)
kaviratna,appears-in,cb,Книги (appears-in/author)
kaviratna,appears-in,cc,Книги (appears-in/author)
kaviratna,appears-in,ggd,Книги (appears-in/author)
kavichandra,appears-in,cb,Книги (appears-in/author)
kavichandra,appears-in,cc,Книги (appears-in/author)
kavichandra,appears-in,ggd,Книги (appears-in/author)
kalavati,appears-in,ggd,Книги (appears-in/author)
kalavati,appears-in,krishna-book,Книги (appears-in/author)
kalavati,appears-in,sb,Книги (appears-in/author)
kalakantha,appears-in,ggd,Книги (appears-in/author)
kalakantha,appears-in,krishna-book,Книги (appears-in/author)
kalakantha,appears-in,sb,Книги (appears-in/author)
kalakrishna-dasa,appears-in,cb,Книги (appears-in/author)
kalakrishna-dasa,appears-in,cc,Книги (appears-in/author)
kalakrishna-dasa,appears-in,ggd,Книги (appears-in/author)
kalidasa,appears-in,cb,Книги (appears-in/author)
kalidasa,appears-in,cc,Книги (appears-in/author)
kalidasa,appears-in,ggd,Книги (appears-in/author)
kalki,appears-in,sb,Книги (appears-in/author)
kamala-gl,appears-in,cb,Книги (appears-in/author)
kamala-gl,appears-in,cc,Книги (appears-in/author)
kamala-gl,appears-in,ggd,Книги (appears-in/author)
kamalavati-devi,appears-in,cb,Книги (appears-in/author)
kamalavati-devi,appears-in,cc,Книги (appears-in/author)
kamalavati-devi,appears-in,ggd,Книги (appears-in/author)
kamalakara-pippalai,appears-in,cb,Книги (appears-in/author)
kamalakara-pippalai,appears-in,cc,Книги (appears-in/author)
kamalakara-pippalai,appears-in,ggd,Книги (appears-in/author)
kamsa,appears-in,sb,Книги (appears-in/author)
kamshari-sena,appears-in,cb,Книги (appears-in/author)
kamshari-sena,appears-in,cc,Книги (appears-in/author)
kamshari-sena,appears-in,ggd,Книги (appears-in/author)
kapila,appears-in,sb,Книги (appears-in/author)
karna,appears-in,mahabharata,Книги (appears-in/author)
karna,appears-in,sb,Книги (appears-in/author)
kartikeya,appears-in,sb,Книги (appears-in/author)
karttikeya,appears-in,ggd,Книги (appears-in/author)
karttikeya,appears-in,krishna-book,Книги (appears-in/author)
karttikeya,appears-in,sb,Книги (appears-in/author)
katyayani,appears-in,ggd,Книги (appears-in/author)
katyayani,appears-in,krishna-book,Книги (appears-in/author)
katyayani,appears-in,sb,Книги (appears-in/author)
kashi-mishra,appears-in,cb,Книги (appears-in/author)
kashi-mishra,appears-in,cc,Книги (appears-in/author)
kashi-mishra,appears-in,ggd,Книги (appears-in/author)
kashinatha,appears-in,cb,Книги (appears-in/author)
kashinatha,appears-in,cc,Книги (appears-in/author)
kashinatha,appears-in,ggd,Книги (appears-in/author)
kashinatha-natha,appears-in,cb,Книги (appears-in/author)
kashinatha-natha,appears-in,cc,Книги (appears-in/author)
kashinatha-natha,appears-in,ggd,Книги (appears-in/author)
kashishvara,appears-in,cb,Книги (appears-in/author)
kashishvara,appears-in,cc,Книги (appears-in/author)
kashishvara,appears-in,ggd,Книги (appears-in/author)
kashishvara-goswami,appears-in,cb,Книги (appears-in/author)
kashishvara-goswami,appears-in,cc,Книги (appears-in/author)
kashishvara-goswami,appears-in,ggd,Книги (appears-in/author)
kashyapa,appears-in,sb,Книги (appears-in/author)
keshava-puri,appears-in,cb,Книги (appears-in/author)
keshava-puri,appears-in,cc,Книги (appears-in/author)
keshava-puri,appears-in,ggd,Книги (appears-in/author)
keshava-bharati,appears-in,cb,Книги (appears-in/author)
keshava-bharati,appears-in,cc,Книги (appears-in/author)
keshava-bharati,appears-in,ggd,Книги (appears-in/author)
kilambika,appears-in,ggd,Книги (appears-in/author)
kilambika,appears-in,krishna-book,Книги (appears-in/author)
kilambika,appears-in,sb,Книги (appears-in/author)
kirtanananda-swami,appears-in,prabhupada-lilamrita,Книги (appears-in/author)
kirtida,appears-in,ggd,Книги (appears-in/author)
kirtida,appears-in,krishna-book,Книги (appears-in/author)
kirtida,appears-in,sb,Книги (appears-in/author)
krishna,appears-in,bs,Книги (appears-in/author)
krishna,appears-in,cb,Книги (appears-in/author)
krishna,appears-in,krishna-book,Книги (appears-in/author)
krishna,appears-in,mahabharata,Книги (appears-in/author)
krishnadas-rr,appears-in,cb,Книги (appears-in/author)
krishnadas-rr,appears-in,cc,Книги (appears-in/author)
krishnadas-rr,appears-in,ggd,Книги (appears-in/author)
krishnadasa-brahmachari,appears-in,cb,Книги (appears-in/author)
krishnadasa-brahmachari,appears-in,cc,Книги (appears-in/author)
krishnadasa-brahmachari,appears-in,ggd,Книги (appears-in/author)
krishnananda-kv,appears-in,cb,Книги (appears-in/author)
krishnananda-kv,appears-in,cc,Книги (appears-in/author)
krishnananda-kv,appears-in,ggd,Книги (appears-in/author)
krishnananda-puri,appears-in,cb,Книги (appears-in/author)
krishnananda-puri,appears-in,cc,Книги (appears-in/author)
krishnananda-puri,appears-in,ggd,Книги (appears-in/author)
kubja,appears-in,ggd,Книги (appears-in/author)
kubja,appears-in,krishna-book,Книги (appears-in/author)
kubja,appears-in,sb,Книги (appears-in/author)
kuvera,appears-in,sb,Книги (appears-in/author)
kuvera-pandit,appears-in,cb,Книги (appears-in/author)
kuvera-pandit,appears-in,cc,Книги (appears-in/author)
kuvera-pandit,appears-in,ggd,Книги (appears-in/author)
kumuda,appears-in,ggd,Книги (appears-in/author)
kumuda,appears-in,krishna-book,Книги (appears-in/author)
kumuda,appears-in,sb,Книги (appears-in/author)
kumudananda-pandit,appears-in,cb,Книги (appears-in/author)
kumudananda-pandit,appears-in,cc,Книги (appears-in/author)
kumudananda-pandit,appears-in,ggd,Книги (appears-in/author)
kunti,appears-in,mahabharata,Книги (appears-in/author)
kurma,appears-in,sb,Книги (appears-in/author)
kusumashava,appears-in,ggd,Книги (appears-in/author)
kusumashava,appears-in,krishna-book,Книги (appears-in/author)
kusumashava,appears-in,sb,Книги (appears-in/author)
kholavecha-shridhara,appears-in,cb,Книги (appears-in/author)
kholavecha-shridhara,appears-in,cc,Книги (appears-in/author)
kholavecha-shridhara,appears-in,ggd,Книги (appears-in/author)
kshirodakashayi-vishnu,appears-in,ggd,Книги (appears-in/author)
kshirodakashayi-vishnu,appears-in,krishna-book,Книги (appears-in/author)
kshirodakashayi-vishnu,appears-in,sb,Книги (appears-in/author)
lavanga-gopa,appears-in,ggd,Книги (appears-in/author)
lavanga-gopa,appears-in,krishna-book,Книги (appears-in/author)
lavanga-gopa,appears-in,sb,Книги (appears-in/author)
lavanga-manjari,appears-in,ggd,Книги (appears-in/author)
lavanga-manjari,appears-in,krishna-book,Книги (appears-in/author)
lavanga-manjari,appears-in,sb,Книги (appears-in/author)
lakshmi,appears-in,sb,Книги (appears-in/author)
lakshminatha-pandit,appears-in,cb,Книги (appears-in/author)
lakshminatha-pandit,appears-in,cc,Книги (appears-in/author)
lakshminatha-pandit,appears-in,ggd,Книги (appears-in/author)
lakshmipati-tirtha,appears-in,cb,Книги (appears-in/author)
lakshmipati-tirtha,appears-in,cc,Книги (appears-in/author)
lakshmipati-tirtha,appears-in,ggd,Книги (appears-in/author)
lakshmipriya,appears-in,cb,Книги (appears-in/author)
lakshmipriya,appears-in,cc,Книги (appears-in/author)
lakshmipriya,appears-in,ggd,Книги (appears-in/author)
lalita,appears-in,ggd,Книги (appears-in/author)
lalita,appears-in,krishna-book,Книги (appears-in/author)
lalita,appears-in,sb,Книги (appears-in/author)
lila-manjari,appears-in,ggd,Книги (appears-in/author)
lila-manjari,appears-in,krishna-book,Книги (appears-in/author)
lila-manjari,appears-in,sb,Книги (appears-in/author)
lokanatha-natha,appears-in,cb,Книги (appears-in/author)
lokanatha-natha,appears-in,cc,Книги (appears-in/author)
lokanatha-natha,appears-in,ggd,Книги (appears-in/author)
lokanatha-goswami,appears-in,cb,Книги (appears-in/author)
lokanatha-goswami,appears-in,cc,Книги (appears-in/author)
lokanatha-goswami,appears-in,ggd,Книги (appears-in/author)
madhava-jv,appears-in,cb,Книги (appears-in/author)
madhava-jv,appears-in,cc,Книги (appears-in/author)
madhava-jv,appears-in,ggd,Книги (appears-in/author)
madhava-mishra,appears-in,cb,Книги (appears-in/author)
madhava-mishra,appears-in,cc,Книги (appears-in/author)
madhava-mishra,appears-in,ggd,Книги (appears-in/author)
madhava-tirtha,appears-in,cb,Книги (appears-in/author)
madhava-tirtha,appears-in,cc,Книги (appears-in/author)
madhava-tirtha,appears-in,ggd,Книги (appears-in/author)
madhavendra-puri,appears-in,cc,Книги (appears-in/author)
madhavi-gopi,appears-in,ggd,Книги (appears-in/author)
madhavi-gopi,appears-in,krishna-book,Книги (appears-in/author)
madhavi-gopi,appears-in,sb,Книги (appears-in/author)
madhvacharya-gl,appears-in,cb,Книги (appears-in/author)
madhvacharya-gl,appears-in,cc,Книги (appears-in/author)
madhvacharya-gl,appears-in,ggd,Книги (appears-in/author)
madhuvrata,appears-in,ggd,Книги (appears-in/author)
madhuvrata,appears-in,krishna-book,Книги (appears-in/author)
madhuvrata,appears-in,sb,Книги (appears-in/author)
madhukantha,appears-in,ggd,Книги (appears-in/author)
madhukantha,appears-in,krishna-book,Книги (appears-in/author)
madhukantha,appears-in,sb,Книги (appears-in/author)
madhumati,appears-in,ggd,Книги (appears-in/author)
madhumati,appears-in,krishna-book,Книги (appears-in/author)
madhumati,appears-in,sb,Книги (appears-in/author)
madhurekshana,appears-in,ggd,Книги (appears-in/author)
madhurekshana,appears-in,krishna-book,Книги (appears-in/author)
madhurekshana,appears-in,sb,Книги (appears-in/author)
maitreya,appears-in,sb,Книги (appears-in/author)
makaradhvaja,appears-in,cb,Книги (appears-in/author)
makaradhvaja,appears-in,cc,Книги (appears-in/author)
makaradhvaja,appears-in,ggd,Книги (appears-in/author)
makaradhvajakara,appears-in,cb,Книги (appears-in/author)
makaradhvajakara,appears-in,cc,Книги (appears-in/author)
makaradhvajakara,appears-in,ggd,Книги (appears-in/author)
maladhara,appears-in,ggd,Книги (appears-in/author)
maladhara,appears-in,krishna-book,Книги (appears-in/author)
maladhara,appears-in,sb,Книги (appears-in/author)
malini-devi,appears-in,cb,Книги (appears-in/author)
malini-devi,appears-in,cc,Книги (appears-in/author)
malini-devi,appears-in,ggd,Книги (appears-in/author)
malli-devi,appears-in,ggd,Книги (appears-in/author)
malli-devi,appears-in,krishna-book,Книги (appears-in/author)
malli-devi,appears-in,sb,Книги (appears-in/author)
manohara,appears-in,ggd,Книги (appears-in/author)
manohara,appears-in,krishna-book,Книги (appears-in/author)
manohara,appears-in,sb,Книги (appears-in/author)
matsya,appears-in,sb,Книги (appears-in/author)
mahabala,appears-in,ggd,Книги (appears-in/author)
mahabala,appears-in,krishna-book,Книги (appears-in/author)
mahabala,appears-in,sb,Книги (appears-in/author)
mahabahu,appears-in,ggd,Книги (appears-in/author)
mahabahu,appears-in,krishna-book,Книги (appears-in/author)
mahabahu,appears-in,sb,Книги (appears-in/author)
mahanidhi,appears-in,cb,Книги (appears-in/author)
mahanidhi,appears-in,cc,Книги (appears-in/author)
mahanidhi,appears-in,ggd,Книги (appears-in/author)
vrishabhanu,appears-in,ggd,Книги (appears-in/author)
vrishabhanu,appears-in,krishna-book,Книги (appears-in/author)
vrishabhanu,appears-in,sb,Книги (appears-in/author)
indradyumna,appears-in,ggd,Книги (appears-in/author)
indradyumna,appears-in,krishna-book,Книги (appears-in/author)
indradyumna,appears-in,sb,Книги (appears-in/author)
kakudmi,appears-in,ggd,Книги (appears-in/author)
kakudmi,appears-in,krishna-book,Книги (appears-in/author)
kakudmi,appears-in,sb,Книги (appears-in/author)
pandu,appears-in,ggd,Книги (appears-in/author)
pandu,appears-in,krishna-book,Книги (appears-in/author)
pandu,appears-in,sb,Книги (appears-in/author)
prataparudra,appears-in,cb,Книги (appears-in/author)
prataparudra,appears-in,cc,Книги (appears-in/author)
prataparudra,appears-in,ggd,Книги (appears-in/author)
satrajit,appears-in,ggd,Книги (appears-in/author)
satrajit,appears-in,krishna-book,Книги (appears-in/author)
satrajit,appears-in,sb,Книги (appears-in/author)
shantanu,appears-in,ggd,Книги (appears-in/author)
shantanu,appears-in,krishna-book,Книги (appears-in/author)
shantanu,appears-in,sb,Книги (appears-in/author)
mahesha-pandit,appears-in,cb,Книги (appears-in/author)
mahesha-pandit,appears-in,cc,Книги (appears-in/author)
mahesha-pandit,appears-in,ggd,Книги (appears-in/author)
mukunda-dasa-shrikhanda,appears-in,cb,Книги (appears-in/author)
mukunda-dasa-shrikhanda,appears-in,cc,Книги (appears-in/author)
mukunda-dasa-shrikhanda,appears-in,ggd,Книги (appears-in/author)
mukunda-datta,appears-in,cb,Книги (appears-in/author)
mukunda-datta,appears-in,cc,Книги (appears-in/author)
mukunda-datta,appears-in,ggd,Книги (appears-in/author)
murari-gupta,appears-in,cb,Книги (appears-in/author)
murari-gupta,appears-in,cc,Книги (appears-in/author)
murari-gupta,appears-in,ggd,Книги (appears-in/author)
nagara-purushottama,appears-in,cb,Книги (appears-in/author)
nagara-purushottama,appears-in,cc,Книги (appears-in/author)
nagara-purushottama,appears-in,ggd,Книги (appears-in/author)
nakula,appears-in,bg,Книги (appears-in/author)
nakula,appears-in,mahabharata,Книги (appears-in/author)
nakula,appears-in,sb,Книги (appears-in/author)
nakula-brahmachari,appears-in,cb,Книги (appears-in/author)
nakula-brahmachari,appears-in,cc,Книги (appears-in/author)
nakula-brahmachari,appears-in,ggd,Книги (appears-in/author)
nanda,appears-in,krishna-book,Книги (appears-in/author)
nanda,appears-in,sb,Книги (appears-in/author)
nandai,appears-in,cb,Книги (appears-in/author)
nandai,appears-in,cc,Книги (appears-in/author)
nandai,appears-in,ggd,Книги (appears-in/author)
nandimukhi,appears-in,ggd,Книги (appears-in/author)
nandimukhi,appears-in,krishna-book,Книги (appears-in/author)
nandimukhi,appears-in,sb,Книги (appears-in/author)
nandini,appears-in,cb,Книги (appears-in/author)
nandini,appears-in,cc,Книги (appears-in/author)
nandini,appears-in,ggd,Книги (appears-in/author)
narada,appears-in,mahabharata,Книги (appears-in/author)
narada,appears-in,sb,Книги (appears-in/author)
narahari-sarakara-thakur,appears-in,cb,Книги (appears-in/author)
narahari-sarakara-thakur,appears-in,cc,Книги (appears-in/author)
narahari-sarakara-thakur,appears-in,ggd,Книги (appears-in/author)
narahari-tirtha,appears-in,cb,Книги (appears-in/author)
narahari-tirtha,appears-in,cc,Книги (appears-in/author)
narahari-tirtha,appears-in,ggd,Книги (appears-in/author)
narayana,appears-in,sb,Книги (appears-in/author)
narayana-vachaspati,appears-in,cb,Книги (appears-in/author)
narayana-vachaspati,appears-in,cc,Книги (appears-in/author)
narayana-vachaspati,appears-in,ggd,Книги (appears-in/author)
narayani-devi,appears-in,cb,Книги (appears-in/author)
narayani-devi,appears-in,cc,Книги (appears-in/author)
narayani-devi,appears-in,ggd,Книги (appears-in/author)
nilambara-chakravarti,appears-in,cb,Книги (appears-in/author)
nilambara-chakravarti,appears-in,cc,Книги (appears-in/author)
nilambara-chakravarti,appears-in,ggd,Книги (appears-in/author)
nityananda,appears-in,cb,Книги (appears-in/author)
nityananda,appears-in,cc,Книги (appears-in/author)
nrisimha,appears-in,sb,Книги (appears-in/author)
nrisimha-tirtha,appears-in,cb,Книги (appears-in/author)
nrisimha-tirtha,appears-in,cc,Книги (appears-in/author)
nrisimha-tirtha,appears-in,ggd,Книги (appears-in/author)
nrisimhananda-tirtha,appears-in,cb,Книги (appears-in/author)
nrisimhananda-tirtha,appears-in,cc,Книги (appears-in/author)
nrisimhananda-tirtha,appears-in,ggd,Книги (appears-in/author)
padmavati,appears-in,cb,Книги (appears-in/author)
padmavati,appears-in,cc,Книги (appears-in/author)
padmavati,appears-in,ggd,Книги (appears-in/author)
padmanabha-tirtha,appears-in,cb,Книги (appears-in/author)
padmanabha-tirtha,appears-in,cc,Книги (appears-in/author)
padmanabha-tirtha,appears-in,ggd,Книги (appears-in/author)
payoda,appears-in,ggd,Книги (appears-in/author)
payoda,appears-in,krishna-book,Книги (appears-in/author)
payoda,appears-in,sb,Книги (appears-in/author)
pali-devi,appears-in,ggd,Книги (appears-in/author)
pali-devi,appears-in,krishna-book,Книги (appears-in/author)
pali-devi,appears-in,sb,Книги (appears-in/author)
parananda-gupta,appears-in,cb,Книги (appears-in/author)
parananda-gupta,appears-in,cc,Книги (appears-in/author)
parananda-gupta,appears-in,ggd,Книги (appears-in/author)
paramananda-puri,appears-in,cb,Книги (appears-in/author)
paramananda-puri,appears-in,cc,Книги (appears-in/author)
paramananda-puri,appears-in,ggd,Книги (appears-in/author)
parameshvara-dasa,appears-in,cb,Книги (appears-in/author)
parameshvara-dasa,appears-in,cc,Книги (appears-in/author)
parameshvara-dasa,appears-in,ggd,Книги (appears-in/author)
parashurama,appears-in,mahabharata,Книги (appears-in/author)
parashurama,appears-in,ramayana,Книги (appears-in/author)
parashurama,appears-in,sb,Книги (appears-in/author)
parvata-muni,appears-in,ggd,Книги (appears-in/author)
parvata-muni,appears-in,krishna-book,Книги (appears-in/author)
parvata-muni,appears-in,sb,Книги (appears-in/author)
parjanya,appears-in,ggd,Книги (appears-in/author)
parjanya,appears-in,krishna-book,Книги (appears-in/author)
parjanya,appears-in,sb,Книги (appears-in/author)
patraka,appears-in,ggd,Книги (appears-in/author)
patraka,appears-in,krishna-book,Книги (appears-in/author)
patraka,appears-in,sb,Книги (appears-in/author)
paurnamasi,appears-in,ggd,Книги (appears-in/author)
paurnamasi,appears-in,krishna-book,Книги (appears-in/author)
paurnamasi,appears-in,sb,Книги (appears-in/author)
pitambara,appears-in,cb,Книги (appears-in/author)
pitambara,appears-in,cc,Книги (appears-in/author)
pitambara,appears-in,ggd,Книги (appears-in/author)
prabala,appears-in,ggd,Книги (appears-in/author)
prabala,appears-in,krishna-book,Книги (appears-in/author)
prabala,appears-in,sb,Книги (appears-in/author)
prabodhananda-saraswati-thakur,appears-in,cb,Книги (appears-in/author)
prabodhananda-saraswati-thakur,appears-in,cc,Книги (appears-in/author)
prabodhananda-saraswati-thakur,appears-in,ggd,Книги (appears-in/author)
pradyumna,appears-in,ggd,Книги (appears-in/author)
pradyumna,appears-in,krishna-book,Книги (appears-in/author)
pradyumna,appears-in,sb,Книги (appears-in/author)
pradyumna-mishra,appears-in,cb,Книги (appears-in/author)
pradyumna-mishra,appears-in,cc,Книги (appears-in/author)
pradyumna-mishra,appears-in,ggd,Книги (appears-in/author)
prema-manjari,appears-in,ggd,Книги (appears-in/author)
prema-manjari,appears-in,krishna-book,Книги (appears-in/author)
prema-manjari,appears-in,sb,Книги (appears-in/author)
prithu,appears-in,sb,Книги (appears-in/author)
pundarika-vidyanidhi,appears-in,cb,Книги (appears-in/author)
pundarika-vidyanidhi,appears-in,cc,Книги (appears-in/author)
pundarika-vidyanidhi,appears-in,ggd,Книги (appears-in/author)
pundarikaksha,appears-in,ggd,Книги (appears-in/author)
pundarikaksha,appears-in,krishna-book,Книги (appears-in/author)
pundarikaksha,appears-in,sb,Книги (appears-in/author)
purandara-acharya,appears-in,cb,Книги (appears-in/author)
purandara-acharya,appears-in,cc,Книги (appears-in/author)
purandara-acharya,appears-in,ggd,Книги (appears-in/author)
purushottama-dasa,appears-in,cb,Книги (appears-in/author)
purushottama-dasa,appears-in,cc,Книги (appears-in/author)
purushottama-dasa,appears-in,ggd,Книги (appears-in/author)
purushottama-tirtha-gl,appears-in,cb,Книги (appears-in/author)
purushottama-tirtha-gl,appears-in,cc,Книги (appears-in/author)
purushottama-tirtha-gl,appears-in,ggd,Книги (appears-in/author)
purushottama-tirtha,appears-in,cb,Книги (appears-in/author)
purushottama-tirtha,appears-in,cc,Книги (appears-in/author)
purushottama-tirtha,appears-in,ggd,Книги (appears-in/author)
putana,appears-in,sb,Книги (appears-in/author)
ravana,appears-in,sb,Книги (appears-in/author)
raga-manjari,appears-in,ggd,Книги (appears-in/author)
raga-manjari,appears-in,krishna-book,Книги (appears-in/author)
raga-manjari,appears-in,sb,Книги (appears-in/author)
raghava-puri,appears-in,cb,Книги (appears-in/author)
raghava-puri,appears-in,cc,Книги (appears-in/author)
raghava-puri,appears-in,ggd,Книги (appears-in/author)
raghava-goswami,appears-in,cb,Книги (appears-in/author)
raghava-goswami,appears-in,cc,Книги (appears-in/author)
raghava-goswami,appears-in,ggd,Книги (appears-in/author)
raghava-pandit,appears-in,cb,Книги (appears-in/author)
raghava-pandit,appears-in,cc,Книги (appears-in/author)
raghava-pandit,appears-in,ggd,Книги (appears-in/author)
raghu-mishra,appears-in,cb,Книги (appears-in/author)
raghu-mishra,appears-in,cc,Книги (appears-in/author)
raghu-mishra,appears-in,ggd,Книги (appears-in/author)
raghunandana-thakura,appears-in,cb,Книги (appears-in/author)
raghunandana-thakura,appears-in,cc,Книги (appears-in/author)
raghunandana-thakura,appears-in,ggd,Книги (appears-in/author)
raghunatha-puri,appears-in,cb,Книги (appears-in/author)
raghunatha-puri,appears-in,cc,Книги (appears-in/author)
raghunatha-puri,appears-in,ggd,Книги (appears-in/author)
raghunatha-bhatta-goswami,appears-in,cc,Книги (appears-in/author)
raghunatha-das-goswami,appears-in,cc,Книги (appears-in/author)
raghunatha-dvija,appears-in,cb,Книги (appears-in/author)
raghunatha-dvija,appears-in,cc,Книги (appears-in/author)
raghunatha-dvija,appears-in,ggd,Книги (appears-in/author)
rajani-de,appears-in,prabhupada-lilamrita,Книги (appears-in/author)
rajendra-tirtha,appears-in,cb,Книги (appears-in/author)
rajendra-tirtha,appears-in,cc,Книги (appears-in/author)
rajendra-tirtha,appears-in,ggd,Книги (appears-in/author)
radharani-de,appears-in,prabhupada-lilamrita,Книги (appears-in/author)
raktaka,appears-in,ggd,Книги (appears-in/author)
raktaka,appears-in,krishna-book,Книги (appears-in/author)
raktaka,appears-in,sb,Книги (appears-in/author)
rama-dasa,appears-in,cb,Книги (appears-in/author)
rama-dasa,appears-in,cc,Книги (appears-in/author)
rama-dasa,appears-in,ggd,Книги (appears-in/author)
rama-pandit,appears-in,cb,Книги (appears-in/author)
rama-pandit,appears-in,cc,Книги (appears-in/author)
rama-pandit,appears-in,ggd,Книги (appears-in/author)
rama-tirtha,appears-in,cb,Книги (appears-in/author)
rama-tirtha,appears-in,cc,Книги (appears-in/author)
rama-tirtha,appears-in,ggd,Книги (appears-in/author)
ramadas-193,appears-in,cb,Книги (appears-in/author)
ramadas-193,appears-in,cc,Книги (appears-in/author)
ramadas-193,appears-in,ggd,Книги (appears-in/author)
ramadasa-abhirama,appears-in,cb,Книги (appears-in/author)
ramadasa-abhirama,appears-in,cc,Книги (appears-in/author)
ramadasa-abhirama,appears-in,ggd,Книги (appears-in/author)
ramai,appears-in,cb,Книги (appears-in/author)
ramai,appears-in,cc,Книги (appears-in/author)
ramai,appears-in,ggd,Книги (appears-in/author)
ramananda-vasu,appears-in,cb,Книги (appears-in/author)
ramananda-vasu,appears-in,cc,Книги (appears-in/author)
ramananda-vasu,appears-in,ggd,Книги (appears-in/author)
ramananda-raya,appears-in,cb,Книги (appears-in/author)
ramananda-raya,appears-in,cc,Книги (appears-in/author)
ramanatha-natha,appears-in,cb,Книги (appears-in/author)
ramanatha-natha,appears-in,cc,Книги (appears-in/author)
ramanatha-natha,appears-in,ggd,Книги (appears-in/author)
rama,appears-in,sb,Книги (appears-in/author)
ramachandra-puri,appears-in,cb,Книги (appears-in/author)
ramachandra-puri,appears-in,cc,Книги (appears-in/author)
ramachandra-puri,appears-in,ggd,Книги (appears-in/author)
ramesvara-swami,appears-in,prabhupada-lilamrita,Книги (appears-in/author)
rangadevi,appears-in,ggd,Книги (appears-in/author)
rangadevi,appears-in,krishna-book,Книги (appears-in/author)
rangadevi,appears-in,sb,Книги (appears-in/author)
rasa-manjari,appears-in,ggd,Книги (appears-in/author)
rasa-manjari,appears-in,krishna-book,Книги (appears-in/author)
rasa-manjari,appears-in,sb,Книги (appears-in/author)
ratnabahu,appears-in,cb,Книги (appears-in/author)
ratnabahu,appears-in,cc,Книги (appears-in/author)
ratnabahu,appears-in,ggd,Книги (appears-in/author)
ratnavali-devi,appears-in,ggd,Книги (appears-in/author)
ratnavali-devi,appears-in,krishna-book,Книги (appears-in/author)
ratnavali-devi,appears-in,sb,Книги (appears-in/author)
ratnavati-devi,appears-in,cb,Книги (appears-in/author)
ratnavati-devi,appears-in,cc,Книги (appears-in/author)
ratnavati-devi,appears-in,ggd,Книги (appears-in/author)
ratnakara-pandit,appears-in,cb,Книги (appears-in/author)
ratnakara-pandit,appears-in,cc,Книги (appears-in/author)
ratnakara-pandit,appears-in,ggd,Книги (appears-in/author)
ratnarekha,appears-in,ggd,Книги (appears-in/author)
ratnarekha,appears-in,krishna-book,Книги (appears-in/author)
ratnarekha,appears-in,sb,Книги (appears-in/author)
rayarama-das,appears-in,prabhupada-lilamrita,Книги (appears-in/author)
revati,appears-in,ggd,Книги (appears-in/author)
revati,appears-in,krishna-book,Книги (appears-in/author)
revati,appears-in,sb,Книги (appears-in/author)
rishabha,appears-in,sb,Книги (appears-in/author)
rohini,appears-in,ggd,Книги (appears-in/author)
rohini,appears-in,krishna-book,Книги (appears-in/author)
rohini,appears-in,sb,Книги (appears-in/author)
rudra-pandit,appears-in,cb,Книги (appears-in/author)
rudra-pandit,appears-in,cc,Книги (appears-in/author)
rudra-pandit,appears-in,ggd,Книги (appears-in/author)
rukmini,appears-in,krishna-book,Книги (appears-in/author)
rukmini,appears-in,sb,Книги (appears-in/author)
rupa-goswami,appears-in,cc,Книги (appears-in/author)
rupa-manjari,appears-in,ggd,Книги (appears-in/author)
rupa-manjari,appears-in,krishna-book,Книги (appears-in/author)
rupa-manjari,appears-in,sb,Книги (appears-in/author)
rupanuga-das,appears-in,prabhupada-lilamrita,Книги (appears-in/author)
sadashiva-kaviraja,appears-in,cb,Книги (appears-in/author)
sadashiva-kaviraja,appears-in,cc,Книги (appears-in/author)
sadashiva-kaviraja,appears-in,ggd,Книги (appears-in/author)
sakhi-of-radharani,appears-in,cb,Книги (appears-in/author)
sakhi-of-radharani,appears-in,cc,Книги (appears-in/author)
sakhi-of-radharani,appears-in,ggd,Книги (appears-in/author)
sanat-kumara,appears-in,sb,Книги (appears-in/author)
sanatana-goswami,appears-in,cc,Книги (appears-in/author)
sanatana-mishra,appears-in,cb,Книги (appears-in/author)
sanatana-mishra,appears-in,cc,Книги (appears-in/author)
sanatana-mishra,appears-in,ggd,Книги (appears-in/author)
sanjaya,appears-in,bg,Книги (appears-in/author)
sanjaya,appears-in,mahabharata,Книги (appears-in/author)
sanjaya,appears-in,sb,Книги (appears-in/author)
sandipani,appears-in,ggd,Книги (appears-in/author)
sandipani,appears-in,krishna-book,Книги (appears-in/author)
sandipani,appears-in,sb,Книги (appears-in/author)
sarvabhauma-bhattacharya,appears-in,cb,Книги (appears-in/author)
sarvabhauma-bhattacharya,appears-in,cc,Книги (appears-in/author)
sarvabhauma-bhattacharya,appears-in,ggd,Книги (appears-in/author)
satyabhama,appears-in,krishna-book,Книги (appears-in/author)
satyabhama,appears-in,sb,Книги (appears-in/author)
satyananda-bharati,appears-in,cb,Книги (appears-in/author)
satyananda-bharati,appears-in,cc,Книги (appears-in/author)
satyananda-bharati,appears-in,ggd,Книги (appears-in/author)
satyaraja,appears-in,cb,Книги (appears-in/author)
satyaraja,appears-in,cc,Книги (appears-in/author)
satyaraja,appears-in,ggd,Книги (appears-in/author)
sahadeva,appears-in,bg,Книги (appears-in/author)
sahadeva,appears-in,mahabharata,Книги (appears-in/author)
sahadeva,appears-in,sb,Книги (appears-in/author)
svarupa-damodara,appears-in,cb,Книги (appears-in/author)
svarupa-damodara,appears-in,cc,Книги (appears-in/author)
svayambhuva-manu,appears-in,sb,Книги (appears-in/author)
sita,appears-in,sb,Книги (appears-in/author)
sita-advaita,appears-in,cb,Книги (appears-in/author)
sita-advaita,appears-in,cc,Книги (appears-in/author)
sita-advaita,appears-in,ggd,Книги (appears-in/author)
stokakrishna,appears-in,ggd,Книги (appears-in/author)
stokakrishna,appears-in,krishna-book,Книги (appears-in/author)
stokakrishna,appears-in,sb,Книги (appears-in/author)
subala,appears-in,ggd,Книги (appears-in/author)
subala,appears-in,krishna-book,Книги (appears-in/author)
subala,appears-in,sb,Книги (appears-in/author)
subahu,appears-in,ggd,Книги (appears-in/author)
subahu,appears-in,krishna-book,Книги (appears-in/author)
subahu,appears-in,sb,Книги (appears-in/author)
subuddhi-mishra,appears-in,cb,Книги (appears-in/author)
subuddhi-mishra,appears-in,cc,Книги (appears-in/author)
subuddhi-mishra,appears-in,ggd,Книги (appears-in/author)
subhadra,appears-in,krishna-book,Книги (appears-in/author)
subhadra,appears-in,sb,Книги (appears-in/author)
subhananda-dvija,appears-in,cb,Книги (appears-in/author)
subhananda-dvija,appears-in,cc,Книги (appears-in/author)
subhananda-dvija,appears-in,ggd,Книги (appears-in/author)
sugriva,appears-in,ggd,Книги (appears-in/author)
sugriva,appears-in,krishna-book,Книги (appears-in/author)
sugriva,appears-in,sb,Книги (appears-in/author)
sudama-brahmana,appears-in,ggd,Книги (appears-in/author)
sudama-brahmana,appears-in,krishna-book,Книги (appears-in/author)
sudama-brahmana,appears-in,sb,Книги (appears-in/author)
sudama-gopa,appears-in,ggd,Книги (appears-in/author)
sudama-gopa,appears-in,krishna-book,Книги (appears-in/author)
sudama-gopa,appears-in,sb,Книги (appears-in/author)
sudarshana,appears-in,cb,Книги (appears-in/author)
sudarshana,appears-in,cc,Книги (appears-in/author)
sudarshana,appears-in,ggd,Книги (appears-in/author)
sudevi,appears-in,ggd,Книги (appears-in/author)
sudevi,appears-in,krishna-book,Книги (appears-in/author)
sudevi,appears-in,sb,Книги (appears-in/author)
sudhakara,appears-in,ggd,Книги (appears-in/author)
sudhakara,appears-in,krishna-book,Книги (appears-in/author)
sudhakara,appears-in,sb,Книги (appears-in/author)
sudhanidhi,appears-in,cb,Книги (appears-in/author)
sudhanidhi,appears-in,cc,Книги (appears-in/author)
sudhanidhi,appears-in,ggd,Книги (appears-in/author)
sukantha,appears-in,ggd,Книги (appears-in/author)
sukantha,appears-in,krishna-book,Книги (appears-in/author)
sukantha,appears-in,sb,Книги (appears-in/author)
sukeshi,appears-in,ggd,Книги (appears-in/author)
sukeshi,appears-in,krishna-book,Книги (appears-in/author)
sukeshi,appears-in,sb,Книги (appears-in/author)
sukhananda-puri,appears-in,cb,Книги (appears-in/author)
sukhananda-puri,appears-in,cc,Книги (appears-in/author)
sukhananda-puri,appears-in,ggd,Книги (appears-in/author)
sulochana,appears-in,cb,Книги (appears-in/author)
sulochana,appears-in,cc,Книги (appears-in/author)
sulochana,appears-in,ggd,Книги (appears-in/author)
sumati-morarji,appears-in,prabhupada-lilamrita,Книги (appears-in/author)
sundara-thakura,appears-in,cb,Книги (appears-in/author)
sundara-thakura,appears-in,cc,Книги (appears-in/author)
sundara-thakura,appears-in,ggd,Книги (appears-in/author)
surya,appears-in,sb,Книги (appears-in/author)
surya-das,appears-in,cb,Книги (appears-in/author)
surya-das,appears-in,cc,Книги (appears-in/author)
surya-das,appears-in,ggd,Книги (appears-in/author)
taraka-devi,appears-in,ggd,Книги (appears-in/author)
taraka-devi,appears-in,krishna-book,Книги (appears-in/author)
taraka-devi,appears-in,sb,Книги (appears-in/author)
tungavidya,appears-in,ggd,Книги (appears-in/author)
tungavidya,appears-in,krishna-book,Книги (appears-in/author)
tungavidya,appears-in,sb,Книги (appears-in/author)
tungavidya2,appears-in,ggd,Книги (appears-in/author)
tungavidya2,appears-in,krishna-book,Книги (appears-in/author)
tungavidya2,appears-in,sb,Книги (appears-in/author)
uddhava,appears-in,krishna-book,Книги (appears-in/author)
uddhava,appears-in,sb,Книги (appears-in/author)
uddharana-datta,appears-in,cb,Книги (appears-in/author)
uddharana-datta,appears-in,cc,Книги (appears-in/author)
uddharana-datta,appears-in,ggd,Книги (appears-in/author)
upendra-mishra,appears-in,cb,Книги (appears-in/author)
upendra-mishra,appears-in,cc,Книги (appears-in/author)
upendra-mishra,appears-in,ggd,Книги (appears-in/author)
krishna-flute,appears-in,ggd,Книги (appears-in/author)
krishna-flute,appears-in,krishna-book,Книги (appears-in/author)
krishna-flute,appears-in,sb,Книги (appears-in/author)
halayudha-thakura,appears-in,cb,Книги (appears-in/author)
halayudha-thakura,appears-in,cc,Книги (appears-in/author)
halayudha-thakura,appears-in,ggd,Книги (appears-in/author)
hansadutta-das,appears-in,prabhupada-lilamrita,Книги (appears-in/author)
hanuman,appears-in,mahabharata,Книги (appears-in/author)
hanuman,appears-in,sb,Книги (appears-in/author)
hari-acharya,appears-in,cb,Книги (appears-in/author)
hari-acharya,appears-in,cc,Книги (appears-in/author)
hari-acharya,appears-in,ggd,Книги (appears-in/author)
haridasa-thakura,appears-in,cb,Книги (appears-in/author)
haridasa-thakura,appears-in,cc,Книги (appears-in/author)
haridasa-servant,appears-in,cb,Книги (appears-in/author)
haridasa-servant,appears-in,cc,Книги (appears-in/author)
haridasa-servant,appears-in,ggd,Книги (appears-in/author)
harikesa-swami,appears-in,prabhupada-lilamrita,Книги (appears-in/author)
hastigopala,appears-in,cb,Книги (appears-in/author)
hastigopala,appears-in,cc,Книги (appears-in/author)
hastigopala,appears-in,ggd,Книги (appears-in/author)
hayagriva-das,appears-in,prabhupada-lilamrita,Книги (appears-in/author)
hiranyakashipu,appears-in,sb,Книги (appears-in/author)
hiranyaksha,appears-in,sb,Книги (appears-in/author)
chaitanya-dasa,appears-in,cb,Книги (appears-in/author)
chaitanya-dasa,appears-in,cc,Книги (appears-in/author)
chaitanya-dasa,appears-in,ggd,Книги (appears-in/author)
champakalata,appears-in,ggd,Книги (appears-in/author)
champakalata,appears-in,krishna-book,Книги (appears-in/author)
champakalata,appears-in,sb,Книги (appears-in/author)
chandra,appears-in,sb,Книги (appears-in/author)
chandravali,appears-in,ggd,Книги (appears-in/author)
chandravali,appears-in,krishna-book,Книги (appears-in/author)
chandravali,appears-in,sb,Книги (appears-in/author)
chandrakanti,appears-in,ggd,Книги (appears-in/author)
chandrakanti,appears-in,krishna-book,Книги (appears-in/author)
chandrakanti,appears-in,sb,Книги (appears-in/author)
chandramukha,appears-in,ggd,Книги (appears-in/author)
chandramukha,appears-in,krishna-book,Книги (appears-in/author)
chandramukha,appears-in,sb,Книги (appears-in/author)
chandrahasa,appears-in,ggd,Книги (appears-in/author)
chandrahasa,appears-in,krishna-book,Книги (appears-in/author)
chandrahasa,appears-in,sb,Книги (appears-in/author)
chandrashekhara-acharya,appears-in,cb,Книги (appears-in/author)
chandrashekhara-acharya,appears-in,cc,Книги (appears-in/author)
chandrashekhara-acharya,appears-in,ggd,Книги (appears-in/author)
four-kumaras,appears-in,cb,Книги (appears-in/author)
four-kumaras,appears-in,cc,Книги (appears-in/author)
four-kumaras,appears-in,ggd,Книги (appears-in/author)
chidananda-tirtha,appears-in,cb,Книги (appears-in/author)
chidananda-tirtha,appears-in,cc,Книги (appears-in/author)
chidananda-tirtha,appears-in,ggd,Книги (appears-in/author)
chiranjiva,appears-in,cb,Книги (appears-in/author)
chiranjiva,appears-in,cc,Книги (appears-in/author)
chiranjiva,appears-in,ggd,Книги (appears-in/author)
chitra-devi,appears-in,ggd,Книги (appears-in/author)
chitra-devi,appears-in,krishna-book,Книги (appears-in/author)
chitra-devi,appears-in,sb,Книги (appears-in/author)
chitrani,appears-in,ggd,Книги (appears-in/author)
chitrani,appears-in,krishna-book,Книги (appears-in/author)
chitrani,appears-in,sb,Книги (appears-in/author)
shaibya,appears-in,ggd,Книги (appears-in/author)
shaibya,appears-in,krishna-book,Книги (appears-in/author)
shaibya,appears-in,sb,Книги (appears-in/author)
shankara-ghosha,appears-in,cb,Книги (appears-in/author)
shankara-ghosha,appears-in,cc,Книги (appears-in/author)
shankara-ghosha,appears-in,ggd,Книги (appears-in/author)
shankara-pandit,appears-in,cb,Книги (appears-in/author)
shankara-pandit,appears-in,cc,Книги (appears-in/author)
shankara-pandit,appears-in,ggd,Книги (appears-in/author)
sharanga-thakura,appears-in,cb,Книги (appears-in/author)
sharanga-thakura,appears-in,cc,Книги (appears-in/author)
sharanga-thakura,appears-in,ggd,Книги (appears-in/author)
shachidevi,appears-in,cb,Книги (appears-in/author)
shachidevi,appears-in,cc,Книги (appears-in/author)
shachidevi,appears-in,ggd,Книги (appears-in/author)
shashirekha,appears-in,ggd,Книги (appears-in/author)
shashirekha,appears-in,krishna-book,Книги (appears-in/author)
shashirekha,appears-in,sb,Книги (appears-in/author)
shiva,appears-in,sb,Книги (appears-in/author)
shivananda-sena,appears-in,cb,Книги (appears-in/author)
shivananda-sena,appears-in,cc,Книги (appears-in/author)
shivananda-sena,appears-in,ggd,Книги (appears-in/author)
shivananda-chakravarti,appears-in,cb,Книги (appears-in/author)
shivananda-chakravarti,appears-in,cc,Книги (appears-in/author)
shivananda-chakravarti,appears-in,ggd,Книги (appears-in/author)
vanamali-chitra,appears-in,cb,Книги (appears-in/author)
vanamali-chitra,appears-in,cc,Книги (appears-in/author)
vanamali-chitra,appears-in,ggd,Книги (appears-in/author)
chaitanya,appears-in,cb,Книги (appears-in/author)
chaitanya,appears-in,sb,Книги (appears-in/author)
shri-madhava-ganga,appears-in,cb,Книги (appears-in/author)
shri-madhava-ganga,appears-in,cc,Книги (appears-in/author)
shri-madhava-ganga,appears-in,ggd,Книги (appears-in/author)
shribhadra,appears-in,ggd,Книги (appears-in/author)
shribhadra,appears-in,krishna-book,Книги (appears-in/author)
shribhadra,appears-in,sb,Книги (appears-in/author)
srivasa,appears-in,cb,Книги (appears-in/author)
srivasa,appears-in,cc,Книги (appears-in/author)
shrigarbha,appears-in,cb,Книги (appears-in/author)
shrigarbha,appears-in,cc,Книги (appears-in/author)
shrigarbha,appears-in,ggd,Книги (appears-in/author)
shridama,appears-in,ggd,Книги (appears-in/author)
shridama,appears-in,krishna-book,Книги (appears-in/author)
shridama,appears-in,sb,Книги (appears-in/author)
shridhara-brahmachari,appears-in,cb,Книги (appears-in/author)
shridhara-brahmachari,appears-in,cc,Книги (appears-in/author)
shridhara-brahmachari,appears-in,ggd,Книги (appears-in/author)
shrikanta-sena,appears-in,cb,Книги (appears-in/author)
shrikanta-sena,appears-in,cc,Книги (appears-in/author)
shrikanta-sena,appears-in,ggd,Книги (appears-in/author)
shrikanthabharana-ananta,appears-in,cb,Книги (appears-in/author)
shrikanthabharana-ananta,appears-in,cc,Книги (appears-in/author)
shrikanthabharana-ananta,appears-in,ggd,Книги (appears-in/author)
radharani,appears-in,bs,Книги (appears-in/author)
radharani,appears-in,cb,Книги (appears-in/author)
radharani,appears-in,cc,Книги (appears-in/author)
radharani,appears-in,krishna-book,Книги (appears-in/author)
radharani,appears-in,sb,Книги (appears-in/author)
shrinatha-natha,appears-in,cb,Книги (appears-in/author)
shrinatha-natha,appears-in,cc,Книги (appears-in/author)
shrinatha-natha,appears-in,ggd,Книги (appears-in/author)
shrinatha-mishra,appears-in,cb,Книги (appears-in/author)
shrinatha-mishra,appears-in,cc,Книги (appears-in/author)
shrinatha-mishra,appears-in,ggd,Книги (appears-in/author)
shrinayana-mishra,appears-in,cb,Книги (appears-in/author)
shrinayana-mishra,appears-in,cc,Книги (appears-in/author)
shrinayana-mishra,appears-in,ggd,Книги (appears-in/author)
shrinidhi,appears-in,cb,Книги (appears-in/author)
shrinidhi,appears-in,cc,Книги (appears-in/author)
shrinidhi,appears-in,ggd,Книги (appears-in/author)
shriharsha,appears-in,cb,Книги (appears-in/author)
shriharsha,appears-in,cc,Книги (appears-in/author)
shriharsha,appears-in,ggd,Книги (appears-in/author)
sukadeva,appears-in,sb,Книги (appears-in/author)
shuklambara-brahmachari,appears-in,cb,Книги (appears-in/author)
shuklambara-brahmachari,appears-in,cc,Книги (appears-in/author)
shuklambara-brahmachari,appears-in,ggd,Книги (appears-in/author)
shyamasundara-das,appears-in,prabhupada-lilamrita,Книги (appears-in/author)
yudhishthira,appears-in,bg,Книги (appears-in/author)
yudhishthira,appears-in,mahabharata,Книги (appears-in/author)
yudhishthira,appears-in,sb,Книги (appears-in/author)
yajna-patni,appears-in,ggd,Книги (appears-in/author)
yajna-patni,appears-in,krishna-book,Книги (appears-in/author)
yajna-patni,appears-in,sb,Книги (appears-in/author)
yamaraja,appears-in,sb,Книги (appears-in/author)
yashoda,appears-in,krishna-book,Книги (appears-in/author)
yashoda,appears-in,sb,Книги (appears-in/author)
vyasadeva,author-of,puranas,Книги (appears-in/author)
satsvarupa-das-goswami,author-of,prabhupada-lilamrita,Книги (appears-in/author)
kavi-karnapura,author-of,ggd,Книги (appears-in/author)
